Row,XL1,XL2,XL3,XL4,XL5,XL6,XL7
A4GALT,0.042030993,0.015361286,-0.02810877,-0.002998526,0.014069004,0.023300861,0.016611367
ABRA,-0.016118084,0.053889842,0.009949348,0.008261157,0.121213565,0.074148045,0.00569086
ACKR3,0.037064518,0.036652454,0.012661268,-0.014137708,-0.061653825,0.023457447,-0.029332732
ACSL1,-0.005837268,0.079937134,0.043096967,-0.025307151,0.054893178,0.020569223,0.017277959
ACSM3,-0.009857499,0.010683581,0.076757798,-0.03573888,-0.064597879,0.044074745,-0.054746327
ACSM5,0.00174871,0.020265144,0.09081521,-0.030115603,-0.036232057,0.025585217,-0.007567006
ACTA2,0.031893779,0.047001269,-0.009783899,-0.003682501,0.057791813,0.033194786,0.004659335
ACTN2,-0.018154999,0.063979973,-0.001648805,-0.016979248,0.096746496,0.051658255,-0.052520674
ADAM12,0.041749831,-0.025216431,0.00385738,0.006981947,0.029008888,-0.019587446,-0.020813962
ADAM23,0.041347808,-0.018227727,0.000919095,0.005591298,-0.016389901,0.017472671,-0.019118973
ADAM9,0.041580311,-0.019964475,0.010775566,-0.022436412,0.037739196,0.018200736,0.01581727
ADAMTS1,0.037966219,-0.01700202,-0.000746692,-0.054452343,0.026750115,0.046426913,-0.005962041
ADAMTS12,0.042828905,-0.011337408,-0.003378564,0.021805772,-0.002631316,0.010257963,0.034028641
ADAMTS15,0.030404319,0.04617173,0.011433721,0.023737678,-0.041941408,0.026501606,0.007012955
ADAMTS16,0.025512273,0.035717741,-0.035819906,0.07897821,-0.006943925,0.028041838,0.031043747
ADAMTS3,0.03875859,0.022333959,0.01423565,0.022450469,-0.025258283,0.001137223,-0.024297494
ADAMTS4,0.039443769,-0.006061839,-0.034207608,0.004289866,0.039909874,-0.050525728,-0.056782123
ADAMTS6,0.037396969,0.021475347,0.029217423,0.035342708,0.007365553,-0.012365514,0.04261366
ADAMTSL1,0.040135972,-0.026274726,0.021592688,-0.006232604,-0.004667375,0.042334815,-0.002782352
ADAMTSL3,0.038600079,-0.039412028,-0.004630091,-0.029268148,0.01278795,0.016018201,0.009567342
ADAMTSL4,0.019413268,0.077313241,-0.035844239,-0.010676827,-0.011963602,0.00301088,0.009983668
AEBP1,0.042965101,-0.000370067,-0.010298947,0.025606236,0.015490438,-0.01208145,-0.001461424
AFP,8.51668E-05,0.029039132,0.049706424,-0.031358947,0.084741856,-0.089261463,0.002707663
AGBL2,0.034778928,-0.00915868,-0.027053462,0.040752443,0.032738828,-0.053028499,-0.017125707
AGTR2,0.02252036,0.014395247,-0.020734882,0.093522728,0.026003521,-0.000498578,0.049451525
AHNAK2,0.039823314,0.024641829,0.001029481,0.011837163,-0.030743688,0.042465794,0.004818831
AHR,0.040175018,-0.006906378,0.020785433,-0.01223568,0.021845917,-0.009693409,0.035599725
AIF1L,0.035699681,0.006501488,-0.025780951,-0.022138366,-0.015410317,0.087619415,0.080971275
AJUBA,0.027860551,0.065121689,-0.01336394,-0.016064187,-0.030665862,-0.026235091,0.004474572
AKR1B10,0.03967926,-0.028457837,-0.028181427,-0.028062775,0.007335959,-0.004797624,0.005117016
ALDH1A2,0.033625867,-0.03651927,-0.015275269,-0.06237335,0.020957285,-0.00632684,-0.005161016
ALDH1L2,0.039972018,-0.026447553,-0.00331413,-0.031895846,-0.0099226,0.001033695,-0.026653854
ALPK3,-0.015971183,0.074554178,-0.023184139,-0.0396333,0.053962836,0.024281482,0.005330814
AMOTL2,0.040767457,-0.003610974,0.005119049,-0.046084457,-0.012825732,-0.014163601,-0.0047934
ANGPTL1,0.032723747,-0.003668482,-0.009649718,0.084787914,0.037534867,-0.001681286,0.00575054
ANGPTL2,0.039828479,0.018956887,-0.01699168,0.047463134,-0.005555119,-0.011784351,-0.00422501
ANGPTL4,0.03612777,-0.019926457,-0.041840325,-0.024970858,0.053989222,-0.015802884,-0.030338121
ANKRD1,0.028451364,-0.038451804,-0.033490858,-0.016976323,0.085573201,0.024091081,-0.031767179
ANKRD2,-0.018259873,0.054052563,-0.009907676,-0.013294755,0.104233748,0.016790877,-0.06742853
ANKRD29,0.033646585,0.033026599,-0.004788399,0.024449029,-0.058297317,0.0204536,0.002426179
ANKRD42,0.033758215,-0.020746117,0.017906314,-0.012540833,-0.00545536,0.015763284,-0.039778055
ANPEP,0.042655267,-0.013790121,-0.021467733,0.002768833,0.004465879,0.006072767,0.0327807
ANTXR1,0.035785918,0.016937216,-0.000419366,0.075088458,0.004685678,-2.06584E-06,0.003560085
ANXA2,0.04036657,0.019633854,0.018188405,-0.034555566,0.005525412,-0.026177008,0.030465496
ANXA4,0.035506106,-0.03600615,0.053196536,-0.022125474,-0.005695747,0.010220894,0.009123274
ANXA5,0.035821108,-0.031950657,0.060717565,0.011845134,0.005603515,0.016270318,0.004108997
APLN,0.032613839,0.036326483,-0.055977353,-0.031051431,-0.006031002,-0.009291807,-0.053711782
APLNR,0.034905322,0.050710125,-0.01319375,-0.010565088,-0.018569792,-0.016502952,-0.028402498
APOE,0.035795235,-0.04226414,0.024603215,-0.040391513,0.013321159,-0.011292376,0.009723919
AQP2,0.029256266,0.002478614,-0.031402747,0.034713265,0.022607371,-0.07870322,-0.084594993
AREG,0.029081884,-0.008047461,-0.031721031,-0.034636513,0.060822324,0.066129129,0.004122327
ARHGAP22,0.036534176,-0.02304279,-0.011633176,-0.022163101,-0.015503449,0.04904778,-0.034769507
ARHGAP28,0.04034942,0.005764581,0.024791098,0.005084372,0.030585367,0.000990534,0.026501392
ARHGAP42,0.041422226,0.011513833,0.024730618,0.01245363,-0.010273793,0.032621993,0.021692123
ARHGDIG,0.032487262,-0.000767592,-0.034022343,-0.03765479,0.032813921,-0.036743438,0.008853276
ARHGEF19,0.029132369,0.056845074,-0.007832177,-0.0108525,-0.046499104,-0.051609044,-0.019719215
ARHGEF25,0.04226557,-0.002915632,0.031237315,0.01525874,0.023091337,-0.00021341,0.026064553
ARHGEF40,0.038669178,0.037847573,-0.004451134,-0.014048347,-0.027046571,-0.043699984,-0.006408456
ARL4C,0.040523016,-0.02232972,0.003136402,-0.027465266,0.023775397,-0.042607871,0.02503509
ARMCX2,0.04143405,0.009502885,0.015507505,-0.024372193,-0.014406252,-0.004047876,0.017258627
ARNTL2,0.026077248,0.007722751,-0.012246373,-0.008226411,-0.024515047,0.027401199,-0.048720979
ARSI,0.042242159,-0.001006201,-0.022558138,0.006442847,0.022968498,-0.01055781,-0.039640894
ARSJ,0.039435671,-0.033893921,-0.010632565,-0.006119663,0.002811638,0.005228985,-0.001021394
ASAP3,0.042618906,0.006845886,-0.02901816,-0.00068489,0.002374983,0.017333495,0.003913309
ASB12,-0.017028442,0.060971867,0.025634201,-0.020430396,0.07009846,0.084466826,-0.064736122
ASPN,0.032679253,0.015660637,-0.02329588,0.079603656,0.035618191,-0.003792851,0.014009692
ATF3,0.028288303,-0.012221167,0.005071424,0.043732482,0.084011226,0.039881329,0.024340964
ATP1B1,-0.012709107,0.066243676,0.025887153,0.004101552,0.101623406,0.035281574,-0.045620722
ATP8B1,0.041136964,0.006821771,-0.026739855,-0.021809404,0.014944628,-0.01055423,0.004306963
AVPR1A,0.034927811,-0.018706938,-0.031361046,-0.036365381,0.025991811,-0.010904356,-0.087362536
AZIN2,0.033901437,0.038536426,-0.039338034,0.005172365,-0.000108897,-0.029914861,-0.020245257
B3GALNT1,0.038808278,-0.037167285,0.017824215,-0.015100189,0.026074923,-0.004141827,-0.014708914
B3GNT9,0.040930607,0.014608024,0.023667005,-0.003344268,-0.037127939,-0.038799321,-0.008259855
B4GALT2,0.039575466,0.025878395,-0.022944113,-0.021115306,-0.033463026,-0.008375722,-0.024687042
BACE2,0.038223392,0.004460887,0.019390892,0.008696614,-0.033558216,-0.020294319,-0.021184421
BAIAP2,0.039495145,0.032236238,-0.002328865,0.012474248,-0.02131588,-0.021806858,0.047338913
BARX1,0.03388887,0.012835512,-7.25384E-05,0.017280451,-0.068157509,-0.037036035,-0.040485396
BARX2,0.024267464,0.056582829,-0.01145988,0.030157598,0.004423097,0.010809469,0.047882943
BASP1,0.037928002,-0.003996495,-0.005716521,-0.035543405,0.018360206,-0.028457019,-0.035385267
BCAT1,0.039640703,-0.026754184,-0.016620756,-0.026110175,0.026780149,-0.020432875,-0.04862169
BDH1,-0.014334298,0.05821848,0.050432386,-0.042371991,0.067032897,0.014585217,-0.012052207
BDKRB1,0.036363471,-0.003774352,-0.037424408,-0.032998198,0.029368961,-0.009002772,-0.038965189
BDKRB2,0.029771573,0.01899761,-0.036634828,0.055295916,-0.00094799,0.026097124,-0.035222479
BEND6,0.038214457,-0.025113466,0.037479208,-0.002378697,0.008728202,-0.00713849,0.015780696
BEST1,0.026432454,-0.03744384,0.006228842,-0.033805673,-0.029212385,0.020525965,0.067675391
BGN,0.038471315,-0.031389276,0.026539724,0.034658985,0.017212459,-0.023099,-0.03416043
BICC1,0.040080927,-0.030928733,0.031651208,0.013115065,0.007676419,-0.003503959,-0.000783138
BMPER,0.036980237,-0.036254511,-0.031279178,-0.036599096,0.006880134,1.2262E-06,-0.008336795
BMPR1B,0.024108138,0.047609223,-0.044476831,-0.007212539,0.014802389,0.060065061,0.02374974
BNC2,0.039201012,0.011658173,-0.040115011,0.009067774,0.026230227,0.01512849,0.001169129
BOC,0.035657769,0.033058364,0.031576615,0.017909835,-0.064045506,0.029612081,-0.035326608
BOK,0.031860329,0.042934269,-0.026941263,-0.041638466,-0.017729446,-0.022280351,0.036378507
BPIFB1,0.025986761,0.036567267,-0.024570432,0.01208989,-0.064666703,0.012530421,-0.053311341
BRINP1,0.027721743,0.012073811,-0.030242478,0.074891098,0.027692972,-0.00736956,0.027073269
BRINP3,0.029879189,0.000839973,-0.002259039,0.073356985,0.024078137,-0.023296628,0.052937627
C10orf105,0.032584464,0.034718277,-0.009597954,0.052436193,0.006482922,-0.029399152,-0.063193779
C10orf71,-0.015163905,0.078370316,-0.014100389,-0.039096018,0.023330449,0.043084093,-0.003398905
C11orf96,0.030788136,0.033143946,-0.03444665,-0.044622273,0.033198654,-0.054923033,-0.048319295
C14orf39,0.034064718,0.00054089,-0.007007013,0.020133124,0.043579742,0.042053052,0.001620094
C16orf46,0.033645619,-0.003320044,0.008105855,0.021753945,0.072737488,0.006228169,-0.003286197
C16orf89,0.030585302,0.005996204,0.024959135,0.003357169,0.077577578,0.020279034,0.057319496
C1QTNF1,0.038566319,-0.008152477,0.030211312,0.051268392,0.005718809,-0.013010574,-0.03840846
C1QTNF2,0.039812981,0.010222383,0.003577395,0.015092683,-0.05723019,0.01196094,0.016122949
C1QTNF6,0.026564583,0.06588933,-0.037245983,-0.00174907,-0.042767024,-0.01420106,-0.016420707
C3AR1,0.031344781,-0.04641563,-0.037127372,-0.054944537,0.013035619,-0.005703832,0.003375171
C5orf63,0.000334902,0.042453826,0.092794851,-0.036300812,0.044817769,0.003162569,0.015965326
C7,0.006703435,-0.014597685,0.105909583,-0.019386684,-0.062346783,0.061638843,-0.043543284
CA6,0.03265654,0.012880381,0.006927588,-0.008499824,0.035656024,0.03640397,-0.000252231
CACNA1C,0.030554738,0.050802612,-0.029081829,0.012223026,0.006539811,-0.04542234,0.032691155
CACNA1D,0.036013964,9.41042E-05,0.001832461,-0.058344972,-0.007146381,-0.017390616,0.031472699
CACNA2D4,-0.00688504,0.041934895,0.072906397,-0.040714458,-0.003739336,0.085276937,-0.006241966
CALML4,0.02913568,-0.012810591,-0.003682383,-0.033058556,-0.034631628,0.112090019,-0.004195137
CALU,0.042695163,-0.021583985,0.015818329,-0.003483671,0.012247938,0.009066933,0.003623764
CAPN2,0.037994527,-0.029005173,0.048768442,-0.01426375,0.01937331,0.023065255,0.019469889
CAPN6,0.035909595,-0.007183632,0.018637411,0.068042168,0.029453775,-0.02495558,-0.014848283
CARD14,0.02704457,-0.037683727,-0.037490435,-0.07075317,0.022081196,-0.023665474,-0.020058704
CAV1,0.031377795,0.044967579,-0.030734585,-0.051344657,-0.014369517,0.046212754,0.007671015
CCBE1,0.037947586,-0.038506158,-0.002947283,-0.033845511,0.018793599,-0.001980156,0.022863002
CCDC102A,0.042680596,-0.005181908,0.006037424,-0.005569427,0.006681444,0.006745849,0.012600589
CCDC80,0.04027222,-0.022509719,0.023617524,-0.029412213,-0.033482276,0.014410968,-0.005494766
CCL13,0.02813364,-0.039599346,-0.045331299,-0.069899937,0.008052679,0.0005573,0.000417949
CCL2,0.032691875,-0.027068421,-0.018316699,-0.056856729,0.002120867,-0.006464168,-0.029827286
CCL20,0.02402927,-0.040947934,-0.042942208,-0.071232136,0.030628524,-0.010874352,-0.012945397
CCR5,0.033392498,-0.045952587,-0.020800768,-0.051607564,0.016024887,-0.003773272,0.013238492
CCR7,-0.012935894,0.064564339,0.019685969,-0.027625813,0.028850176,-0.075475399,0.054759964
CD14,0.038148078,-0.013539587,-0.013078162,-0.046401923,-0.026341051,-0.031609482,0.047323721
CD248,0.040537614,-0.03298268,0.01528427,-0.006374078,-0.007572878,0.007882337,-0.009688388
CD276,0.043267215,0.008693251,0.022869881,0.01031165,-0.00715371,-0.005091328,-0.015768406
CD79B,-0.003921557,0.065289523,0.070916107,-0.019286576,0.030387624,-0.075694824,0.065126277
CDA,0.036041633,0.00664209,-0.031745464,-0.040676816,0.028769618,-0.000702408,0.015255114
CDC42EP5,0.03759689,-0.004881514,0.024995126,-0.02020253,0.017204605,-0.037236766,0.007811475
CDH22,0.008910228,0.055010167,-0.053688911,0.001748883,-0.015044923,0.006892588,-0.019900197
CDK14,0.043550192,-0.00421312,0.010597494,-0.012625516,0.000106759,0.003677424,0.007109744
CDO1,0.011069545,-0.024092239,0.105104218,-0.015097826,-0.063589651,0.033665437,-0.037305383
CDON,0.036212757,0.040005304,0.015304259,0.01320342,-0.061895886,0.02733583,0.016721468
CDR2L,0.034676484,0.047260723,-0.005293853,-0.022484206,-0.047213647,-0.025294257,-0.026087042
CEP112,0.031494409,-0.041326248,0.044827826,0.016820827,0.039259607,0.011989919,0.023899634
CFAP69,0.033985065,-0.003619621,0.010126098,0.040912309,0.011998312,-0.017862132,-0.000493002
CFB,0.03806993,-0.036855741,0.015064303,-0.034835508,-0.016817041,-0.000313171,0.007319051
CFI,0.030581907,-0.01563166,-0.038573648,0.031553896,0.047276305,0.024208636,0.076503207
CH25H,0.032588445,-0.020679209,-0.039984712,-0.044302978,0.018878511,-0.002795125,-0.032944667
CHGA,0.018925006,0.012086528,-0.018796621,0.092698168,0.005591839,-0.071765022,0.006523054
CHL1,0.0320708,-0.033646369,-0.04194003,-0.059195866,0.028802273,-0.027194321,-0.01662972
CHPF,0.023614052,0.069361209,-0.039636706,-0.010579839,-0.03138143,-0.043171369,-0.023657151
CHRNA1,0.029561366,-0.008714835,-0.057151914,-0.021378957,0.073379957,0.046312858,0.065339649
CHRNB1,0.025072552,0.041758795,-0.042267279,-0.036921523,0.058768976,0.079365521,0.006221771
CHRNG,0.031565139,-0.011269364,-0.043002391,-0.010805412,0.053505064,0.050102437,-0.071353409
CHST13,1.62575E-05,0.060926302,0.064309332,-0.045494181,0.006279947,-0.062169332,0.001067463
CHST14,0.040103814,-0.002368878,0.018017993,-0.023973423,-0.014586235,-0.034642616,0.001835648
CHSY3,0.036248388,-0.009881079,0.031363029,0.052260529,0.005528547,-0.052165446,-0.03963841
CKMT2,-0.018941354,0.061286001,0.010479067,-0.033189594,0.075277439,0.056704812,-0.081887645
CLCA2,0.026623619,0.010653688,-0.01481247,0.015287033,0.021015204,0.107091448,-0.035171682
CLDN2,0.031628802,-0.027544352,0.000146982,0.003425809,-0.045070601,-0.039699113,0.001094975
CLEC11A,0.039494075,-0.021315034,0.039777971,-0.000487343,-0.024796067,-0.010510078,-0.02088778
CLEC6A,0.03698721,-0.03482635,-0.018531501,-0.007190282,0.037919869,0.021990957,-0.010033745
CLIP3,0.042195274,0.002244495,0.012274869,0.028226631,-0.00835875,0.011040228,0.003201092
CLMP,0.038524229,-0.034519406,0.040783737,0.00219903,0.014911146,-0.003575787,-0.008055207
CMKLR1,0.033864427,0.015607803,0.013079796,-0.06064364,-0.060856382,0.024467122,0.019438228
CNN3,0.043403628,-0.013250877,0.016659324,0.003487268,0.017629044,-0.002241811,-0.008141199
CNRIP1,0.038110872,-0.006839501,0.02774958,-0.020583872,-0.026135862,0.032623913,-0.017202943
COL12A1,0.03547559,0.020154758,0.001465473,0.066092676,0.027432854,-0.038333263,-0.011099313
COL14A1,0.040083952,-0.014274122,-0.018559467,0.044628374,0.014226937,0.000406099,0.043603972
COL15A1,0.030190768,0.054174865,0.001469053,0.050059739,-0.02859552,0.021705636,-0.044203132
COL16A1,0.038977213,0.030651721,0.003140732,0.03226217,-0.009164002,-0.048199292,-0.020965849
COL18A1,0.041153735,0.011997704,-0.025481511,0.032940029,0.022009628,-0.010336723,-0.010365803
COL23A1,0.038317076,-0.000606771,-0.018009297,0.035451039,0.014109825,-0.050478568,0.017376644
COL28A1,0.024799117,0.033108124,-0.019048671,-0.04197156,0.013029779,0.035300256,0.077665875
COL3A1,0.04114213,5.13277E-05,-0.037990078,0.030153296,0.018337599,-0.008365781,0.004586254
COL4A1,0.022079114,0.077460329,-0.022847215,-0.010221874,-0.015179434,-0.001184974,-0.00835542
COL4A2,0.028242616,0.06965104,-0.014544547,0.000904956,-0.011929444,0.009589756,-0.018626958
COL5A1,0.037759577,0.035170719,-0.038492405,0.022240137,-0.00366211,-0.032491242,-0.018258548
COL5A2,0.04346375,0.003260674,-0.00475469,0.023934436,-0.004688853,-0.018569689,-0.01491969
COL5A3,0.039317967,0.032643273,-0.028483932,0.024027708,0.01705911,-0.016693743,-0.000927815
COL6A1,0.039511637,-0.000917734,-0.006504939,0.059000866,0.018620443,-0.013593016,0.001872924
COL6A2,0.039089881,0.003177175,-0.011921305,0.060614534,0.016610469,-0.016391155,-0.00842911
COL6A3,0.039280414,0.016250572,-0.02403191,0.050480002,0.009804993,0.002825655,0.027386951
COL8A1,0.038375141,0.026140633,-0.011585297,0.042407411,0.038960202,-0.022189822,-0.013335058
COL8A2,0.024971941,0.066034504,-0.016836232,0.03593716,-0.038070409,-0.019932137,-0.045562557
COPZ2,0.041215069,-0.000734004,0.016784612,-0.02057734,-0.037897855,-0.000559903,-0.00719921
COQ10A,-0.014350909,0.080489285,-0.02096336,-0.040055749,0.025013471,0.011784498,-0.010622454
CORO2B,0.037981247,0.039527903,0.008203391,-0.003088507,-0.034583667,-0.001367085,-0.032401152
COX7A1,-0.013737111,0.065975619,0.012950327,-0.028358812,0.079703708,0.085234076,-0.062123853
CPNE8,0.037963044,-0.003271104,0.040129512,0.020384886,0.014792028,0.013081919,-0.003711431
CPT1C,0.03622658,0.039167975,-0.016714738,-0.023881072,-0.022475403,-0.012425034,0.002318826
CPXM1,0.035422169,0.045276908,-0.005332834,0.029554081,-0.03923707,-0.014467775,0.002189649
CPXM2,0.035170672,-0.000750556,0.034405992,0.069978495,-0.004701716,0.022621386,-0.024434693
CRABP2,0.032525868,-0.001293309,-0.02559788,0.076831843,0.053807419,0.008393071,0.018303333
CREB5,0.036439757,0.019282351,0.026457918,0.023660995,-0.029964211,0.041284354,0.033237064
CRIP1,0.039748765,-0.023345681,0.035386936,0.011855718,5.29441E-06,-0.005774835,0.007571322
CRLF1,0.031259008,0.041349046,-0.060353548,-0.002835627,-0.000494839,0.001784059,-0.032200441
CRTAP,0.039598097,-0.016819959,0.04219009,-0.007125082,-0.018629692,-0.023847165,-0.050738055
CSGALNACT1,0.038767045,-0.039294488,0.002226211,-0.016566788,0.040200105,-0.006375546,-0.003282698
CSRP2,0.03819335,-0.038616837,-0.014955976,0.000778896,0.050084832,-0.029382402,0.000434559
CTHRC1,0.038337606,-0.014342372,-0.029084058,0.048774043,0.036298944,-0.032045534,-0.003867055
CTSS,0.032575539,-0.047431095,0.029933939,-0.039748031,0.030779735,-0.017601303,0.024515501
CTSV,0.038106524,-0.035290946,0.034881051,-0.014718274,0.021649552,0.035780659,-0.013271355
CTTN,0.038449882,-0.029287735,0.045113028,0.003959751,0.030041791,-0.003059961,-0.00235219
CTTNBP2NL,0.040456067,-0.02799842,0.015692202,-0.029597496,0.009039843,-0.002552566,0.008990989
CUL7,0.042726866,0.006844331,0.011883765,-0.021603878,-0.014861482,-0.0298883,-0.005757916
CXCL14,0.037901645,-0.012560002,-0.001862035,-0.053138184,0.028967224,-0.007803931,-0.048577021
CXCL16,0.03759234,-0.031214531,-0.025114227,-0.041019124,0.012240193,-0.004479963,0.021799646
CXCL2,0.030339027,-0.044872523,-0.036950976,-0.055157565,0.018440848,0.000450143,-0.013277795
CXCR1,-0.016425924,0.046433453,-0.003948476,-0.007298773,0.06962949,-0.05848701,0.008455301
CYB561,0.038204165,0.012723116,0.010927041,-0.046006192,-0.030298763,0.008624204,0.008703289
CYGB,0.03913216,0.001499499,0.017941948,-0.019781703,-0.021810981,0.061236619,-0.025754551
CYP26B1,0.035591024,0.024363936,-0.007189233,-0.001359528,0.03171208,0.00869301,-0.062717398
CYP2E1,-0.001020834,0.024511932,0.087878089,-0.027452211,-0.049859637,0.046502109,-0.036938982
CYP7B1,0.03345755,-0.035355861,-0.033001886,-0.03561548,0.038123796,-0.011450434,-0.028941857
CYSLTR1,0.03510824,-0.034365436,0.017265461,-0.045973611,-0.007203725,-0.00860471,0.032213847
CYTL1,0.000255098,-0.00265328,0.114021705,-0.029623722,-0.047282675,-0.009575784,-0.023000017
DAB2,0.039854052,-0.037859681,-0.006654643,-0.021625428,-0.00666907,0.002567946,-0.006905599
DACT3,0.025904485,0.061193946,-0.045866699,-0.003492556,-0.034566398,-0.001239978,-0.035018203
DBN1,0.04376058,-0.003995872,0.008243404,0.003491937,0.00050805,-0.007305028,-0.019385522
DBX2,0.023438425,-0.025789086,-0.050608438,-0.028550141,0.034476071,0.02946483,-0.014112151
DCLK1,0.040605985,-0.019357898,-0.04101085,-0.005901842,0.02347914,-0.000963377,0.009603854
DDAH1,0.032972916,0.01942403,-0.031285049,0.06578132,0.036235314,-0.026317411,-0.039705719
DEPDC1B,-0.001458688,0.051000156,0.087618525,-0.010098919,0.032653659,-0.077527436,0.08098591
DIO3,0.027753966,-0.023745899,-0.04679184,-0.064134137,0.027575177,-0.002582725,0.005999879
DISP2,0.031743174,0.004274329,-0.011816002,0.027197148,0.02344849,-0.029654969,0.006477976
DKK3,0.030917707,0.011158346,-0.00119396,0.091954782,0.028773652,-0.020907945,-0.000969992
DLG4,0.040507005,0.026771442,0.019782778,0.00024925,-0.026412682,-0.018922853,0.01258988
DLK1,0.024351056,0.032172231,-0.000760442,0.072957653,-0.034982592,-0.022038176,-0.010711157
DNAI2,0.032801741,-0.021187438,0.023864474,-0.007355978,-0.010170346,0.035081893,-0.009552496
DNAJA4,-0.002128887,0.020605472,0.089322505,0.008914774,0.112032799,0.044786277,-0.022852004
DNAJC25,0.040703559,-0.012034039,0.033721827,-0.016323954,0.035090061,-0.022584365,-0.002489589
DNM1,0.041325477,0.01498136,0.023742598,0.018255817,-0.045190377,0.011013356,0.010114926
DNM3,0.031022173,0.042045406,-0.020275276,-0.015214556,-0.021392825,0.068226243,0.035619265
DOC2B,0.03050573,0.038385712,-0.030067393,0.053342099,-0.000327406,0.0257824,0.041208174
DOCK7,0.040312135,-0.009287666,0.045261896,-0.003212583,0.004439031,0.003269619,0.030269096
DPEP2,0.033236166,-0.040941471,-0.009581532,-0.057961262,-0.001939635,-0.008822177,0.046514203
DPT,0.039392069,-0.008653667,0.009837531,0.048385678,-0.005785864,0.033987015,0.012431335
DPYSL3,0.041147877,0.018587132,0.021561023,-0.020872336,-0.007819404,-0.014511551,0.033485085
DSE,0.042251156,-0.004377151,0.00863941,-0.036680085,-0.009382044,-0.004477896,0.003791024
DSEL,0.041400276,-1.13215E-05,0.001930236,0.041115476,0.007966098,0.019332328,0.016517179
DUOX1,0.032272534,0.043491327,-0.027566061,-0.007434797,-0.026863843,0.041005681,-0.024877839
DUOXA1,0.031194694,0.040002144,-0.033846578,0.018121177,-0.001994248,0.025607363,0.017657704
DUSP26,-0.015852606,0.047249387,0.012690927,-0.046668856,0.081426102,0.024423727,-0.055777463
DZIP1L,0.041358857,0.006892133,0.017163891,0.006293922,0.008987393,0.011238832,-0.018501452
E2F6,-0.009001835,0.070360035,0.038185365,-0.048121222,0.048533129,0.066126479,-0.015609549
EBF2,0.036158573,0.018751399,0.008426971,-0.018716655,-0.027738033,0.044487529,0.025407168
EBPL,0.030372733,-0.049868621,0.054596784,0.005300008,0.02538116,0.009367214,-0.011414975
ECM1,0.042660667,0.007287093,0.018562152,-0.018771507,-0.020853958,0.00718697,0.001486105
ECSCR,0.031195,0.038658297,-0.040155479,-0.026179328,0.004672976,0.024929137,0.025576905
EDA2R,0.024131065,-0.023164942,-0.05685475,-0.061082146,0.061603927,0.055835856,0.042888762
EDNRA,0.03803172,0.040284738,0.012698817,0.002435598,0.005335744,0.017454975,0.013813141
EFEMP2,0.041413727,-0.002090334,-0.013322862,-0.042007387,-0.022386494,-0.023025599,-0.00424427
EFHB,0.019774596,-0.020786703,-0.016105873,0.035385741,0.00841692,0.041435714,-0.057302426
EFNA2,0.031643829,-0.016477119,0.020324011,0.019033982,-0.017761016,-0.008856176,-0.062158408
EFS,0.031772332,0.048681508,-0.018931711,-0.017853485,-0.067124241,-0.000327022,-0.033356072
EGFR,0.042104615,-0.003456132,0.02844657,0.005255815,-0.017216329,0.035660942,0.01072288
ELFN1,0.034382439,-0.023372291,-0.024037496,-0.007424411,0.073476651,-0.037100889,-0.026103857
ELK3,0.040856698,0.017204013,0.041553461,-0.006240913,0.002406054,0.007391276,0.005166858
EMILIN3,0.028938535,0.048264953,0.021136459,0.045601022,-0.0567707,-0.006204925,0.013214836
EMP1,0.043343628,-0.017696024,-0.003489275,-0.00979344,-0.004311934,0.018958975,0.009126504
EN1,0.022444221,0.040374877,-0.036027637,-0.023621994,0.058547297,-0.004105584,-0.013839073
ENO2,0.034015295,0.025548909,0.020187876,0.051358268,0.001975294,0.000628592,-0.022121234
ENOX1,0.035070064,0.002329854,0.049870925,0.022269405,-0.042887836,-0.033341029,0.030291083
ENPP1,0.041660175,-0.008740819,-0.011976193,0.034478634,0.025429879,-0.003742655,0.025263037
EPB41L1,0.039729122,0.020028447,-0.004727026,-0.043088233,-0.02926494,0.012611036,-0.003977233
EPB41L3,0.040968709,-0.022593123,0.018922949,0.022996004,0.027222909,-0.009423913,0.028765766
EPHB2,0.043469576,0.002000828,-0.017449685,-0.009380805,0.000134805,0.012735483,0.00108377
EPHB3,0.042930773,0.007232792,-0.012523479,0.012037386,-0.003136168,-0.026844373,-0.041090625
EPS8,0.036069824,-0.040903572,0.044680213,-0.010130231,0.013897721,0.010759642,0.019289725
ERC2,0.022673241,-0.007169789,-0.013260367,0.017953698,-0.015935653,0.003925789,-0.01579649
EREG,0.036544057,-0.00909621,-0.040241073,0.002509349,0.033758441,-0.016850542,0.05170042
ERF,0.026011824,0.06487178,-0.024488188,-0.03091211,-0.022476503,-0.036456459,-0.004711719
ERICH2,0.020401211,-0.038386374,-0.037846756,0.020006165,-0.013350052,0.031653431,0.122211349
ERRFI1,0.039654645,-0.001106782,0.032663038,-0.026219017,0.021598138,0.037761111,0.021746177
ESRRB,-0.020039953,0.066258101,-0.027802963,-0.016921865,0.063557509,0.017553018,-0.019249776
ESRRG,-0.020413678,0.059615479,-0.015899456,-0.025227941,0.096058283,0.033461459,-0.03107113
EVC2,0.040893023,0.002230092,0.032129113,-0.024347333,-0.001822246,0.006908885,0.002776796
F2RL1,0.03608658,-0.015044759,-0.028713206,-0.021968185,0.049054127,-0.015729689,0.038528533
FADS3,0.040663983,-0.006297922,0.012249642,-0.042668235,0.014547727,-0.033914113,-0.01047257
FAM102B,0.0410477,-0.001572831,0.041237388,-0.003220821,-0.000322089,0.016295311,0.043893332
FAM114A1,0.041724191,-0.021310172,0.02958454,0.014335468,0.000309958,0.007126158,-0.010861965
FAM117A,-0.003901052,0.065343821,0.058376262,-0.030432616,0.01470417,-0.100308633,0.0718003
FAM129B,0.037619802,0.022322217,-0.002694838,-0.055208053,-0.031655874,-0.02853005,0.002930309
FAM13C,0.039254557,-0.014891857,0.020783883,-0.008586955,0.044980495,0.038546259,0.021460087
FAM149A,0.040010763,-0.010059219,0.040285323,0.001851947,0.005430683,-0.018185242,-0.022142505
FAM171A2,0.036969437,-0.030376704,0.015729942,0.029984357,0.041136325,-0.024520644,-0.068872172
FAM171B,0.039381103,0.002245957,-0.005523282,0.03502994,-0.025347474,0.015442015,-0.009017891
FAM180A,0.02667246,0.050045596,0.000872648,0.066861805,-0.034738576,0.009805397,-0.049547583
FAM57A,0.03781435,-0.018979386,-0.013605656,-0.029558799,0.045854561,-0.028214876,-0.021367786
FAM84A,-0.009977487,0.032400711,0.037426684,-0.005620324,-0.024041755,-0.084365806,-0.06222791
FARP1,0.03501128,0.050968933,-0.002323624,-0.012119486,-0.03757684,-0.024478448,-0.00651421
FAT4,0.035048698,0.023740759,0.000177796,0.068516442,0.023745541,-0.012877563,0.018424486
FAXC,0.035279824,0.018619844,0.025516095,0.042170201,0.01440809,0.0192851,0.01158911
FBLN2,0.036292207,-0.034415664,-0.036462891,-0.04222064,0.027618809,-0.01181394,-0.001980917
FBLN7,0.03379909,0.022598615,0.040831567,0.045041834,-0.057562123,0.028614791,-0.013223579
FBN1,0.041599575,-0.012608506,-0.038599079,-0.009459514,0.011546615,0.016327834,0.026460527
FBN2,0.027964547,0.007616523,-0.010216464,0.095700569,0.041082503,-0.022183505,0.007501314
FCER2,-0.010755575,0.062044727,0.022942051,-0.007170843,0.073241706,-0.084861925,0.084134755
FGF14,0.030101587,-0.016668961,0.032328258,0.068531962,0.001740548,0.046381288,-0.014171647
FGF18,0.03908672,-0.009682334,0.011352479,-0.019976993,0.001551478,0.028411256,-0.049379041
FGF7,0.032668292,-0.04345258,0.018369447,-0.041972633,0.011252913,0.017824402,0.045895918
FGL1,0.021421605,-0.04875747,-0.012249007,-0.043638474,-0.016155341,-0.001105159,0.062251708
FHL1,-0.012411287,0.075358929,-0.011576346,-0.01440605,0.07343111,0.014214725,-0.056640241
FIGNL2,0.026219068,0.06134658,-0.000428043,-0.023218036,-0.022267676,-0.011714153,0.050456462
FKBP10,0.042129981,0.011908169,0.007618949,-0.021020952,-0.037498925,-0.022782569,-0.03452798
FKBP11,0.040031197,-0.036223715,0.009546526,-0.008276043,0.008966412,-0.012388677,-0.017011469
FKBP14,0.04088478,-0.015633183,0.035414612,0.022149651,-0.000185959,-0.004430233,-0.026915817
FKBP7,0.035110624,-0.037372876,0.048897536,0.025731028,-0.006318578,0.019998708,-0.030252724
FLRT2,0.041389248,0.009892229,0.013577264,-0.020968401,-0.001292069,0.024375712,-0.003512681
FMN1,0.039750111,-0.033946332,0.023200888,0.010498943,0.008217419,-0.000891428,0.003401355
FN1,0.041816696,0.015104396,0.004822611,0.033759079,-0.019884836,0.004453554,0.017815203
FNDC3B,0.041412884,0.016280132,0.035595025,0.00061944,-0.01300286,-0.016681676,-0.001912911
FNDC4,0.040817269,0.024575836,-0.006119395,0.006283086,-0.027430667,0.022621022,-0.012511392
FNDC5,-0.014937764,0.047959613,0.019341659,-0.02214328,0.123480968,0.071449691,-0.050633046
FOLR2,0.030896628,-0.047080656,0.035489001,-0.044374295,-0.040331393,0.026583295,-0.002970074
FOSL1,0.03002963,-0.022712671,-0.029623285,-0.005998511,0.043550319,-0.067668989,-0.083863425
FRK,0.040209363,-0.020493699,0.023421954,0.018376337,0.034042627,0.018236206,-0.000886254
FRMD5,0.032982846,-0.012004965,0.029451206,-0.029814423,-0.042079752,0.019153035,-0.008413862
FSCN1,0.037567328,0.030335235,-0.031087531,-0.034830628,-0.015852404,-0.035461667,-0.045463437
FST,0.033445257,-0.04321764,0.049593896,0.001702573,0.000966462,0.023442658,-0.047962314
FSTL1,0.04198282,-0.011446524,-0.027810614,0.022451939,0.026469959,0.005521033,0.01382887
FUT2,0.026453705,-0.011234074,0.004743795,-0.014865653,-0.01360984,0.067926033,-0.066613095
FZD1,0.042426734,-0.001573774,-0.00666322,-0.026427146,-0.004617041,-0.027639904,-0.025926565
FZD2,0.039493657,0.012851335,-0.037129953,0.010307247,0.006040132,-0.038727492,-0.0522096
FZD6,0.037312595,0.026903383,0.00426008,0.05149841,0.031097716,0.017710652,0.019616931
FZD8,0.03407315,0.046794562,0.000312836,0.006148808,-0.037198851,-0.051224905,-0.056488341
GABRA3,0.030922402,0.014274973,0.01629988,-0.000396623,0.034313891,0.091028513,0.050461871
GALNT16,0.040049433,0.004062258,-0.05013291,-0.010375017,-0.008821404,0.003734526,0.020827701
GAP43,0.032723536,-0.051948404,-0.017405124,-0.024773665,-0.007455212,0.020985137,0.03804101
GAS1,0.027610103,0.054809622,-0.021655833,-0.021689655,-0.084683249,0.021585207,-0.007338956
GAS6,0.038018429,-0.012804848,0.048251071,-0.029749409,0.00448534,-0.010616562,0.032760376
GATA1,0.000483489,0.037536957,0.098495139,-0.011764272,0.037309271,-0.085168408,0.069536642
GCNT4,0.023827039,0.041441053,-0.011845808,0.054719868,0.030622903,-0.010447489,0.074589867
GDF5,0.015104526,0.070279113,-0.039065873,0.016147686,-0.044831159,0.020835959,-0.030120601
GEM,0.036391359,-0.019942855,0.034545869,0.040078196,0.000642464,0.056677313,0.008786294
GFRA1,0.039919193,-0.006422475,0.032072491,0.000688495,0.037037593,-0.008582118,0.011359329
GJB4,0.034621296,-0.030725525,-0.03380585,-0.039041548,0.039855408,-0.002484238,0.011110443
GJB5,0.032652124,-0.028723931,-0.06025567,-0.02985503,0.007497107,-0.014977057,0.015277108
GJC1,0.040216591,-0.017798508,0.025807975,0.020689683,0.029141821,0.02043981,-0.036674355
GLDC,0.040246264,-0.00511024,-0.014672458,-0.025335858,-0.003523592,0.006951985,-0.023965834
GLDN,0.032391076,0.035096423,-0.035857786,0.029005213,-0.007185683,-0.031335096,-0.052362017
GLI3,0.035104891,0.047084067,-0.016074655,-0.023153428,-0.03343715,-0.001280772,0.004681305
GLIS2,0.042062803,0.019821997,0.01003723,-0.010109786,-0.029742802,0.00579844,-0.017215667
GLIS3,0.040066954,-0.008241468,-0.014357852,0.005760605,0.045585419,-0.063533452,-0.014430843
GNG8,0.031674008,-0.030154229,0.046132071,0.026510763,-0.027854715,-0.033196371,0.016937407
GP5,-0.004722801,0.066654754,0.048048767,-0.034264452,0.033696828,-0.093483651,0.040273514
GPCPD1,-0.005893118,0.074300057,0.046242687,-0.036658581,0.030597689,-0.001213984,0.053162417
GPM6B,0.040418256,0.021406597,-0.004113356,0.037514992,0.008230129,0.004821689,-0.009026989
GPNMB,0.032186334,-0.045209952,0.02899019,-0.031005152,-0.032323712,0.022874923,0.064563524
GPR1,-0.004074437,0.038678825,0.072169314,-0.018558139,-0.039144648,0.056641506,-0.045684543
GPR135,0.034454874,-0.008048484,0.005129628,-0.001119108,0.060706668,-0.000216471,0.063578952
GPR153,0.038153804,0.032715417,-0.035682074,-0.015471436,-0.014237603,-0.019539974,-0.042375931
GPR161,0.0241518,0.023688156,-0.024587284,-0.022815087,0.003157102,0.027575746,0.068257352
GPR173,0.022877171,0.034371492,0.00769571,0.022610522,-0.043736572,0.002115298,0.003306533
GPR34,0.037410438,-0.022862526,0.008589235,-0.046445415,-0.022448674,-0.005451914,0.030394156
GPR39,0.027162499,-0.020784443,-0.034438029,-0.04348547,-0.014692043,-0.016687275,-0.082127488
GPR85,0.0310235,-0.038895112,0.000406216,-0.042710976,0.020121939,-0.027100497,0.042010644
GPRC5B,0.03763183,0.008511486,-0.00992737,-0.053586613,-0.020886503,0.053040109,-0.000410406
GPX7,0.042275004,-0.003710179,-0.026089012,-0.014309187,0.003143814,-0.036144646,-0.007934097
GPX8,0.041601072,-0.000863008,0.030129832,-0.001108648,-0.023682086,0.029122519,-0.028244381
GRB10,0.039018623,0.036683288,-0.021748073,0.011498537,-0.010374258,-0.029230265,-0.026261842
GREB1,0.021510741,0.040365683,-0.018077222,0.059116102,0.008366093,0.061667305,0.037185678
GRIN2D,0.022003278,0.067282499,-0.033866828,-0.013597994,-0.010078868,-0.032304601,-0.008396242
GRTP1,-0.000553927,0.042495888,0.083976229,-0.037590125,-0.010871315,-0.021924215,0.063039733
GSC,0.032461969,-0.003383093,-0.036808471,-0.014339476,0.036044154,0.029872101,-0.058847749
GSTM1,0.035936557,-0.023898068,0.01665389,0.002960985,0.026210857,0.077336584,0.055242158
GULP1,0.039946075,-0.014128977,0.013016387,0.040699886,0.008059522,-0.007532995,-0.02084717
GZMM,-0.014745477,0.056465843,0.035160947,-0.038461781,0.020179815,0.02525119,-0.027141973
HAO1,0.027228014,-0.014424079,-0.001769256,-0.004243171,0.015152281,-0.050892921,0.035693546
HAS1,0.039152717,0.008345428,-0.037815378,0.015071353,-0.008370135,0.018390097,-0.005443667
HAS2,0.033868701,-0.040694199,-0.022319834,-0.056508686,0.023151892,-0.015329399,-0.019253088
HAVCR2,0.034709346,-0.04573285,-0.002367946,-0.04201169,0.023611391,-0.013266352,0.013212961
HCN1,0.029282479,0.01514294,-0.012103048,0.062639538,0.022152593,0.038111008,0.002747189
HDX,0.024839605,-0.014516611,-0.017836826,-0.009754021,-0.011717718,-0.020411861,0.032817178
HEATR9,-0.008924251,0.016333953,0.044490408,-0.021758233,0.046245793,0.042925547,0.001803257
HEBP2,0.037193949,-0.012123259,0.039896604,0.025411245,-0.031165317,-0.009924305,-0.02185256
HHAT,0.040408733,-0.004654651,-0.01937926,0.009165623,-0.005253016,-0.014067395,-0.022943015
HHIPL1,0.03414997,0.010592713,-0.052964145,-0.02937564,0.010083655,-0.039361385,-0.00474652
HIF1A,0.041392581,-0.024651086,0.006774176,0.014404388,0.043512983,-0.006911894,-0.011264785
HMCN1,0.028228649,0.058206794,-0.008471049,0.035491025,-0.042394719,0.010926282,-0.014245125
HOXA11,0.029984409,0.050529906,-0.020063604,-0.006711866,-0.046814703,0.015977635,-0.032699388
HOXD3,0.036105006,0.017793793,-0.003252571,0.001648269,-0.009039234,0.002658303,-0.067197039
HOXD4,0.035424715,0.041411191,-0.001722994,0.01161547,-0.004576133,-0.005810822,0.006386536
HS6ST2,0.03279692,-0.006445875,-0.052496927,-0.011425382,0.067547651,0.062269088,0.039862828
HSD11B2,0.034136408,0.014344916,-0.014374844,-0.037516616,0.015881079,-0.069709426,-0.066064451
HSPA1L,-0.011420333,0.039304939,0.05812644,-0.055319265,0.093188305,0.0686808,-0.029702339
HTR2A,0.024712771,0.035559688,0.003124656,0.02093968,0.030158743,-0.066405488,0.084470096
HTR2B,0.038032182,-0.032241181,-0.016306675,-0.012964815,0.014075929,-0.014056257,0.014186864
HTRA1,0.034218396,0.046545829,0.010406273,0.045283094,-0.033451768,0.022282369,-0.001299012
HTRA3,0.025948415,0.070621075,-0.025758471,0.004852935,-0.036428513,-0.003171297,-0.019853364
IER3,0.02981446,0.041571522,-0.040531082,-0.048823909,0.011447084,-0.039527506,-0.022662359
IER5L,0.030880266,0.027151586,-0.04508583,-0.047024955,-0.01449157,-0.049550199,-0.058221782
IGF1,0.037680514,0.020661658,-0.015579738,0.05886392,0.014877755,0.002189654,0.00545439
IGF2,0.020516995,0.061350106,-0.012162122,0.071178071,0.018240667,-0.005489744,0.026394078
IGF2BP2,0.038361006,-0.018203543,0.005397495,-0.018791997,0.042589637,0.027645913,-0.002503578
IGF2R,0.033900479,0.050022039,0.014392684,-0.000458496,0.03008364,0.005910659,0.074425867
IGFBP7,0.040071434,-0.025958207,0.037356076,0.020197507,0.00964821,0.002118639,-0.015921074
IGSF10,0.039145048,0.002321188,-0.014361823,0.058447434,0.017237044,-0.001987856,0.028693825
IKBIP,0.042754715,-0.01295329,0.028443947,0.003496174,-0.002731084,-0.003795073,0.011253568
IL11,0.037301202,-0.024171108,-0.027470667,-0.042781294,0.031009576,-0.010287781,-0.033516766
IL12A,0.003697563,0.013509879,0.117201852,-0.010925659,0.023316301,-0.015565559,-0.002682297
IL13RA1,0.041722331,-0.017494462,-0.016048452,-0.012199546,0.029249293,-0.008430146,-0.000261932
IL1R1,0.038317283,-0.036491955,0.014617659,-0.032081398,0.033762462,-0.009036067,0.002157061
IL33,0.036763403,-0.020908829,-0.035248535,-0.053366548,0.005795954,0.015800934,-0.036580326
IL4R,0.034733735,-0.007377262,-0.021187919,-0.069049634,0.039051292,-0.040573344,-0.006802877
IL5,0.019950688,0.003220434,-0.010752279,0.052479385,0.003828961,0.059634098,0.05423095
IL6,0.03101859,-0.024858053,-0.04219741,-0.055594939,0.015322944,0.021509334,0.017958276
ILDR2,0.035660276,-0.038115389,0.025463574,-0.043850479,-0.015532215,0.002000067,0.038716948
INHBA,0.040209733,-0.002621017,0.010743714,0.007222764,0.06362227,-0.036921002,-0.012271729
ISL1,0.022518392,-0.011780991,-0.054091975,0.014952731,0.017794361,0.013370054,-0.028585394
ISM1,0.035214298,-0.036722335,0.05571189,0.013535882,-0.010333687,0.006081093,-0.020153161
ITGA11,0.036570687,0.020826395,0.00994891,0.066307368,0.015310852,-0.026124011,-0.015980918
ITGA5,0.04213553,0.005266802,-0.010807686,-0.031281333,0.017871893,-0.034499105,0.002665846
ITGA7,0.022374638,0.035732552,-0.056419185,-0.07797621,-0.008995847,0.009123291,0.020813885
ITGB4,0.023370565,0.06889635,-0.026386541,-0.022710389,-0.037164341,0.032757421,0.018344793
ITGB5,0.039688766,0.018177804,0.013500922,-0.04840919,0.000793899,-0.012446754,0.029394049
ITGB8,0.022573647,0.040184983,-0.018743398,0.026497761,0.004895595,0.117977678,0.059256682
ITGBL1,0.037171411,-0.03452155,0.036361249,0.032623993,-0.008670109,0.019054645,-0.004088081
ITIH4,0.018935545,0.002048632,-0.033034098,-0.03639234,-0.018466257,0.025879058,0.131119632
ITM2A,0.028244563,0.0282305,-0.006149531,0.091161301,0.028590746,0.011925655,0.008208601
JAG1,0.035892484,0.043409256,0.017728755,0.014368642,0.008943219,0.021138432,-0.00517941
JAKMIP2,0.028984081,-0.034315688,-0.023658651,-0.012641798,0.024861435,0.009608305,0.038019021
KBTBD12,-0.008666296,0.044297208,0.052744282,-0.030178954,0.052490557,0.096681417,-0.056866075
KBTBD13,-0.016385051,0.07167852,-0.019862897,-0.046074656,0.007372029,-0.018978498,0.014368242
KCNA7,-0.014998452,0.080629373,-0.003974949,-0.030744351,0.032634332,0.044360241,-0.023481736
KCNC1,-0.014323726,0.083671337,-0.018825518,-0.020099394,0.010959329,0.01136279,-0.014173908
KCND3,0.028455081,0.021904946,-0.001542468,-0.013407718,0.016961024,0.060792899,0.048281684
KCNE4,0.038579586,-0.036549174,-0.003879102,-0.012379929,0.037567873,-0.013991449,-0.042765448
KCNH4,-0.008409468,0.017585444,0.067092486,-0.051930277,0.009317255,-0.031134631,0.116918974
KCNJ15,0.034055326,-0.005419975,-0.020176234,0.073256233,0.042067396,-0.030071767,-0.011207297
KCNN3,0.031902215,0.035839013,-0.026608825,0.010646258,0.024973938,0.069975106,0.024422538
KCTD11,0.03662553,0.038259141,-0.002213093,-0.028122022,0.01444119,-0.03790561,0.014859043
KCTD17,0.04293746,0.010742067,-0.002456564,-0.009749413,0.005608926,-0.003758888,-0.042908874
KDELC2,0.041594987,-0.015786294,0.035732771,0.003213982,0.00643031,0.011322795,0.00145433
KDELR3,0.041680846,0.008914587,-0.013517575,-0.023814003,-0.029358572,-0.00847736,-0.044942238
KERA,0.034433424,-0.031508053,0.024782648,0.015474828,-0.067197226,0.056939703,-0.029392497
KIF9,0.033297919,-0.010100344,0.023625089,0.031677781,0.025395872,0.038352144,-0.020378876
KL,-0.005564438,0.042297848,0.07543904,-0.035534159,-0.017450069,-0.050088448,0.051514764
KLHDC8A,0.032359702,0.024569281,-0.032220912,0.010604508,-0.041798949,0.018523327,0.000239117
KLHL13,0.038798058,0.022473445,0.031319697,0.01334401,-0.020005304,0.007720742,-0.022139227
KLHL34,-0.018836698,0.070385218,-0.008211986,-0.042656773,0.046371866,-0.006724485,-0.046856623
L3HYPDH,0.038456581,-0.009535086,0.042693057,0.010097284,-0.011278834,0.025033474,0.031094853
LAMA4,0.043620527,0.005538091,-0.004185339,0.010197194,0.004305794,0.02162288,0.034003639
LAMB1,0.040639255,-0.01364513,-0.007965551,0.036760497,0.045487991,0.011597921,0.008482315
LAMC1,0.041887983,0.017513014,0.010329656,-0.002041442,0.008742805,0.044278445,0.000777711
LAYN,0.037702565,-0.041176074,0.02300442,-0.017138268,0.01991385,-0.013640906,0.000295642
LCA5L,0.029023778,-0.01365712,0.004487497,-0.032600529,-0.003215361,-0.002662312,-0.044091283
LCT,-0.001262788,0.038974593,0.062426987,-0.038356377,-0.002792288,-0.074783256,-0.042745339
LDHB,-0.014894632,0.054812327,0.02994135,-0.03055764,0.084922298,0.054387438,-0.021170038
LDLRAD4,0.038836924,0.018288529,0.021768483,0.02225874,0.056463382,0.010230387,0.033838881
LGALS1,0.040110211,-0.030496299,-0.006232353,-0.021219342,0.009613063,0.03598123,0.031314282
LGI3,0.028958147,0.043529264,-0.020016968,0.002606013,-0.060308933,0.00599643,-0.00016619
LGMN,0.036024853,-0.032329605,-0.008158056,-0.061528539,0.002005237,-0.009795027,0.024202162
LHFPL2,0.041408086,0.001179869,0.041460242,-0.005755233,0.003432784,-0.02165457,0.035666914
LHX6,0.030490025,0.026217296,-0.019613805,0.021382724,0.034968448,0.006979699,0.046713862
LIMA1,0.040641965,-0.020984111,0.039448398,-0.004491821,0.014640749,-0.002072131,0.005481384
LIN28B,0.006148903,0.049741485,-0.050575983,0.037533041,-0.00693615,-0.02637848,-0.052873149
LIPC,0.01122436,0.005341363,0.10935343,-0.042410122,-0.046950339,0.005721689,-0.053422659
LIX1L,0.040224503,-0.02032392,0.039538603,0.016774398,-0.012464789,0.012106897,-0.006985791
LMCD1,-0.014982361,0.075036237,-0.02428246,-0.006220713,0.072827774,-0.000631765,-0.028650423
LMNA,0.042619685,0.0015473,-0.007072478,-0.024877612,0.014618476,-0.036861667,0.019642439
LMOD3,-0.011900864,0.047287084,0.062291902,-0.02439782,0.066530525,0.120386184,-0.049259049
LMX1A,0.032567229,0.018102377,-0.005326732,-0.010242746,0.031657609,-0.029278144,-0.025946428
LNX1,0.038198362,0.020148209,0.025859581,-0.00674532,0.00918114,0.018681821,0.018510284
LOX,0.040138884,-0.022508818,-0.026185577,-0.035779922,0.001471131,-0.009399463,-0.014793695
LOXL1,0.030696928,0.044220949,-0.055942273,-0.034636353,-0.035048888,-0.004260174,-0.006207945
LOXL2,0.038250134,0.013068097,0.007476483,0.056992635,0.014777471,-0.011567324,-0.048971239
LOXL3,0.043100448,-0.011081565,-0.009987659,-0.016079129,0.011614061,-0.020900423,-0.034865726
LPAR1,0.038374878,-0.029210739,0.048175433,0.003465611,-0.004240632,0.004309793,-0.016973548
LPAR4,0.038456339,-0.000374743,0.035465987,0.026089885,-0.014280827,-0.032692873,0.014938752
LPIN3,0.040398986,0.030069958,-0.024332727,-0.001039007,-0.005148325,0.002714665,-0.00507711
LRCH2,0.037398483,-0.015256729,-0.001102204,0.013693346,0.003283964,0.001524048,0.054940809
LRIG3,0.041845875,0.022753268,0.004453986,-0.011357836,-0.025099698,-0.011588359,-0.016309659
LRP1,0.039277958,0.026843754,0.005783993,-0.038900913,-0.032689261,-0.024788358,0.025278244
LRRC15,0.026540613,0.024139918,-0.018813891,0.092622791,0.044710758,-0.028913821,-0.003399081
LRRC17,0.035858823,-0.050258,0.006681706,-0.009558361,0.037106761,-0.01145036,-0.011209863
LRRC18,0.027390596,-0.030309532,0.021615135,-0.003917244,-0.038977276,0.032768442,0.03274335
LRRC19,-0.005542573,0.004076088,0.056510792,-0.018819317,0.025887462,-0.017991111,-0.082161625
LRRC32,0.038800185,0.000619073,0.032764273,0.007161664,0.0525856,-0.007618366,0.032983679
LRRC34,0.032014348,-0.009693337,-0.001464112,0.023505331,0.005582679,0.029709984,0.047601064
LRRC49,0.038793954,-0.011380441,0.04645226,0.002106886,0.023549642,0.017053338,0.015468339
LRRC52,-0.024607284,0.038755655,-0.017187349,-0.016468077,0.085641126,0.036920941,-0.027452612
LRRN1,0.028937546,0.021203612,-0.034570961,1.22636E-05,0.054576181,0.073491043,0.063227411
LTBP1,0.042995912,-0.002198411,0.030052971,0.005301473,0.010771933,-0.000317902,0.012635916
LTBP2,0.036943901,-0.024741831,-0.025617267,-0.055342899,0.021437429,-0.028508922,-0.013910549
LTBP3,0.042052336,0.021640073,0.018029844,-0.007324888,-0.019237537,-0.023542074,-0.020241358
LUM,0.040961936,0.007549339,0.007675297,0.040599651,-0.02529758,0.024141239,-0.002359765
LY6D,-0.003605039,0.067038162,0.052218023,-0.043217543,0.015728189,-0.096858332,0.039926618
LYPLAL1,0.035432325,-0.023575559,0.013096308,-0.026311621,-0.000844355,-0.010087932,0.029014617
MAB21L1,0.03924698,0.008089372,0.00630908,0.021618592,-0.006659406,0.008973194,0.018690475
MAGED1,0.042968244,-0.010171184,0.019298815,-0.019662521,-0.017357741,-0.011166555,-0.014167623
MAGED2,0.042655431,0.013788316,0.004581216,-0.015103529,-0.026192616,0.001792164,0.015204939
MAGEE1,0.040186406,0.004831231,0.034255383,-0.009057443,0.012408018,-0.01246638,0.044894978
MAGEH1,0.03915626,0.006674098,0.027512564,-0.01635566,-0.034135325,0.052694718,0.014794253
MAL2,0.029231134,-0.024038299,-0.009413604,-0.010058525,0.014624625,-0.006175119,0.016508332
MAMSTR,0.014804517,0.061104661,-0.037591281,-0.041587113,0.000753942,0.060715836,0.065165044
MAN2A1,0.040556494,0.017916487,0.019126573,-0.000734254,0.049161195,-0.017009672,0.04655121
MAP1B,0.040843925,0.016337949,0.000722666,-0.03371031,0.007775381,0.035495687,-0.003244711
MAP6,0.040769271,0.017414395,-0.029974925,-0.019229197,-0.004807647,0.028914129,-0.001336193
MAP9,0.037205329,0.00710979,0.013145476,-0.000517007,0.03588582,0.038940879,-0.053702903
MATN2,0.036146096,0.013695212,0.00192679,0.074770101,0.009835071,0.008134018,0.006309947
MATN4,0.027334411,0.045728617,-0.007035673,0.034132595,-0.051847948,-0.026679928,-0.071424672
MCAM,0.036548895,0.04791056,0.003937771,-0.008543297,-0.007219541,0.035601935,-0.004115211
MDH1,-0.006968318,0.082172697,0.024520662,-0.040290334,0.040611944,0.027442084,-0.013191022
MECOM,0.042596497,-0.000644661,-0.008706854,0.006987311,0.027075933,0.013887864,0.013319701
MEDAG,0.041306342,-0.001527974,-0.019726528,0.031128213,0.015816268,0.036405079,0.020907278
MEGF6,0.035490974,0.032964801,-0.02446975,0.042128979,-0.038247246,-0.03066521,-0.049275257
MEIS2,0.039123972,-0.032163464,0.014235001,-0.019480442,0.007612114,0.01689868,0.016567404
MEOX2,0.040267037,-0.029431213,0.007413647,0.000399267,0.004695519,0.057472136,0.003549395
MEST,0.028131727,0.005278619,-0.007050521,0.096389372,0.034864241,-0.032104802,0.004870634
MFAP2,0.027371019,0.055978099,-0.012120704,0.048026085,-0.04840987,0.037439206,-0.009245199
MFAP4,0.034315654,0.015182821,-0.024314992,0.073616664,0.015972719,0.002665901,0.000398193
MFAP5,0.036505113,0.026663712,-0.053472677,0.024972614,-0.004082429,0.027087418,0.02049972
MFSD2B,-0.002109714,0.050793783,0.084532367,-0.005388793,0.045598181,-0.08270381,0.083391011
MGARP,0.028553696,-0.000756939,-0.01999234,0.036317587,0.042582043,0.027836987,-0.093578324
MLXIPL,-0.01203055,0.080793199,0.007976729,-0.042517193,0.012917209,0.021989605,-0.010948716
MMP12,0.024560088,-0.032912323,-0.009040801,-0.004764703,-0.019833293,0.048593302,0.098382322
MMP14,0.036509652,-0.002892047,0.026279243,0.064555702,0.032390968,-0.035011959,-0.021256739
MMP19,0.041466889,0.006322398,-0.030325814,-0.020132336,0.001721019,0.004910594,0.03821743
MMP2,0.037383921,0.017893072,0.009165712,0.066157563,0.001994551,-0.007879494,-0.013861441
MMP23B,0.04280783,0.003639849,0.00443982,0.016230178,0.001832587,-0.029838595,-0.017778336
MMP3,0.040946333,-0.012056547,-0.035183212,-0.01057865,0.002246602,0.015073109,-0.004835031
MOGAT1,-0.001887876,-0.015062495,0.101973529,-0.009941533,-0.037364073,0.052126343,-0.006428605
MORC4,0.041613217,-0.018729571,-0.011785245,0.012529432,-0.005305172,0.03717513,0.000105005
MOXD1,0.030124427,0.008302852,-0.022835546,0.088253718,0.0367212,-0.025325272,0.006788768
MPP4,-0.000665585,0.006930607,0.087272079,-0.016475517,0.052579579,-0.019835849,0.016287999
MRC2,0.041210522,0.023722031,0.018248681,-0.008649681,-0.027581918,-0.037110847,-0.00556954
MRGPRF,0.030066121,0.050755302,-0.046281577,-0.004686157,-0.047251323,0.004848297,-0.009222476
MS4A4A,0.033629223,-0.002063821,-0.016044093,-0.053404709,0.00222669,-0.028940914,0.050301059
MS4A6A,0.034570119,-0.046626024,-0.009122049,-0.046192618,0.02597781,-0.006053143,0.010622676
MS4A7,0.035539658,-0.045633048,-0.014564035,-0.040343383,0.021597885,-0.022501188,0.007099937
MSR1,0.034453293,-0.028486139,-0.024468315,-0.062975129,0.013921176,-0.006041532,0.026769917
MTERF4,0.040572631,0.007571517,0.034565634,-0.004131387,-0.034594488,0.025879071,0.023977997
MTMR11,0.040854224,0.016102695,0.005609527,0.024672557,-0.002064187,0.029842559,0.007906037
MTMR7,0.036672823,-0.015824282,-0.003104302,0.030069933,0.042154225,0.013135806,0.025304854
MUSTN1,0.031657784,-0.036660155,-0.024481527,-0.05610055,0.040115197,0.009272653,-0.003011477
MXRA8,0.042044986,0.002503732,0.026956146,0.008699711,-0.010167829,-0.0385755,-0.025497671
MYADM,0.036217428,0.049738476,0.00735544,-0.010229069,-0.014946101,-0.027495099,-0.005971555
MYH2,-0.022601151,0.049280059,0.025612078,-0.02390147,0.081761229,0.055145657,-0.069239041
MYL2,-0.024593544,0.038122141,0.004302714,-0.025419685,0.080142128,0.039718343,-0.038861886
MYLK2,-0.014753761,0.076127397,-0.011977642,-0.043649723,0.012488152,0.025719378,0.010883439
MYO16,0.025088864,0.00785557,0.009608791,0.057834109,-0.001086621,0.007395338,0.042027744
MYOC,0.00647614,-0.006077548,0.102991853,-0.029576215,-0.074126993,0.055795501,-0.026200498
MYOF,0.041812909,-0.028307259,0.007940111,0.000325771,0.009755157,0.004034354,0.03712538
MYOG,0.029284044,0.002375487,-0.07483456,-0.024779272,0.019543815,0.00723444,0.023659718
MYOT,-0.016113758,0.068211658,0.00127403,-0.010781647,0.09164529,0.085529221,-0.018738055
MYOZ2,-0.022776583,0.059363998,-0.011326108,-0.032822392,0.074508182,0.031289173,-0.036235873
NAT8L,0.003487819,0.03696228,0.100466801,-0.030709687,-0.004827283,-0.053391515,-0.005850118
NAV3,0.033001889,0.028684032,-0.006912933,-0.029457452,-0.023786638,0.03210687,0.053210389
NCALD,0.037697758,0.017260817,0.035243131,0.005718951,-0.018972393,0.017804126,0.07946679
NCS1,0.019987557,0.065182197,-0.050400761,-0.026116152,-0.041987477,-0.012781566,0.01714554
NDN,0.041138479,-0.011594289,0.014188761,-0.032283493,-0.022183151,0.018249751,-0.000315663
NDRG4,0.039404498,0.031405935,-0.014325342,0.023443056,-0.030361079,0.01470342,-0.031756241
NDUFA4L2,0.02609462,0.06388357,-0.025803285,-0.005217474,-0.047891444,0.014720965,-0.027464296
NECAB1,0.002531507,0.027607359,0.093709752,-0.013922173,-0.021173433,0.02699749,-0.050254097
NEK6,0.039260144,-0.023541877,0.008711038,-0.039396211,0.034541,-0.008776989,-0.019789975
NFASC,0.039745548,0.013854545,-0.041691549,-0.007508676,-0.026080354,0.026988456,0.010574897
NFATC4,0.036227322,0.038827368,-0.031915379,0.031557152,-0.00066266,-0.027619157,-0.025785687
NGF,0.029139361,0.031986405,-0.008899371,0.005880054,-0.001878412,-0.007627795,0.061908425
NGFR,0.032582401,0.006831701,-0.003795474,0.007927496,-0.030845384,-0.002639322,0.014403462
NID1,0.041344186,0.002832759,0.033381188,0.013420958,-0.004098952,0.043628093,0.0063198
NIPAL2,0.035374592,-0.010540975,-0.00015293,0.013819952,-0.000340641,0.016749098,-0.04537722
NLGN2,0.029842962,0.063373188,-0.016793783,0.008637145,-0.019257204,-0.042108171,0.013511577
NNMT,0.038012346,-0.032119656,0.023955491,-0.027985027,-0.013455845,-0.005750527,0.015020551
NOX4,0.039013319,0.009832875,-0.050522492,-0.008266984,0.002633364,0.033845428,0.014675913
NPAS2,0.032278379,-0.002578799,0.003831601,0.057401476,0.051861734,-0.031739794,-0.051315367
NPDC1,0.031529185,0.05757615,-0.02100884,-0.016431766,-0.044820053,-0.002013832,0.01152475
NPY2R,0.015170897,-0.018760938,0.002791086,0.00892905,-0.034513647,-0.008509524,0.12335453
NR2F2,0.024553363,0.068806871,-0.017431208,0.001428282,0.000690589,0.039472036,-0.017082136
NR4A2,0.034418001,-0.005485257,0.014898566,0.075371738,0.036876633,-0.014240048,-0.020983535
NRN1,0.040485121,-0.025464593,0.006665141,0.006978471,0.033466456,-0.004309339,-0.040423859
NSG1,0.039952158,-0.014507509,-0.025784381,-0.029538222,0.013221047,-0.001176096,-0.002959611
NT5DC2,0.040524941,-0.011045242,0.013361415,-0.042596417,0.014706475,-0.042006372,0.001634883
NT5E,0.042831183,-0.001386288,0.015843879,0.005927276,-0.008983735,0.001418473,-0.023808009
NTS,0.021345619,-0.01512956,-0.0140419,0.071483644,0.042027908,0.068988927,0.071785092
NUGGC,0.033633851,-0.012456735,0.000838188,-0.011110443,0.044138585,-0.072271569,-0.017214567
NUMBL,0.023386919,0.061629415,-0.046187059,-0.034824374,-0.047732043,-0.010337711,-0.0091551
NYNRIN,0.038227226,0.036223467,0.010886622,-0.019824779,-0.018047047,-0.05236118,0.019984976
OGN,0.040594049,-0.005973796,0.031908916,0.032683446,-0.022871083,0.020300994,-0.001672784
OLFML1,0.037528698,-0.018069107,0.043889777,0.029196128,-0.014259891,0.050520683,0.009459803
OLFML3,0.036176152,-0.037846944,0.04212596,-0.028921517,-0.019978356,0.002765116,-0.023229642
OSBP2,0.038480371,0.004717325,0.029609509,0.016948069,-0.007558765,0.034303615,-0.009042766
OSMR,0.042513581,-0.006264364,-0.008369375,-0.016774963,0.019333878,0.018008316,0.000200601
OSR1,0.036217175,-0.045751895,0.022064831,-0.007910788,0.006944497,0.012532803,-0.010889862
OSR2,0.036723667,0.02535484,-0.013006929,0.051293043,-0.005185875,0.018213752,0.016932658
P2RY6,0.033798317,-0.009006842,-0.013896424,-0.081103651,0.009276298,-0.002861791,0.019629884
P3H1,0.038635572,0.027598773,0.000480936,-0.030679366,-0.030590348,-0.032924206,-0.050886575
P3H4,0.042118967,0.005310103,0.018500569,0.013902309,-0.014490974,-0.024727367,-0.062062064
P4HA2,0.042832765,0.007488147,-0.003848456,0.024793756,0.019862566,0.016443465,-0.014871048
P4HA3,0.038023752,-0.024162343,-0.034446765,0.034944387,0.047364557,-0.009574857,0.016323685
P4HB,0.036270391,-0.038646665,0.048043337,-0.011010955,0.020983529,-0.001726279,0.003788247
PADI2,-0.012337203,0.078259001,0.012270988,-0.048090949,0.02315022,0.004774056,0.019056295
PAK3,0.037669198,-0.002937705,0.011472242,0.020353037,0.00739112,-0.046589444,-0.053012302
PANK1,-0.007709524,0.077280573,0.019523014,-0.035960134,0.043216118,0.037035186,-0.011538932
PARVA,0.042323771,0.021845862,0.014249524,-0.010120348,-0.02594418,0.009854721,-0.000985679
PCDH1,0.013833579,0.074978048,-0.044148626,-0.001145227,-0.022474444,-0.005437251,-0.010400775
PCDH19,0.035807485,0.020885938,-0.049752804,-0.031518881,0.034503133,-0.001325344,0.013414104
PCDHB12,0.030895702,-0.002633064,0.022615182,0.028040952,-0.035181771,-0.01731907,0.055625161
PCDHB15,0.035401748,0.016622353,-0.027815198,0.004927143,-0.018944355,0.032554312,0.031246279
PCDHB16,0.039726238,-0.013031499,0.023597018,-0.008066068,-0.0115298,0.011710114,-0.029878245
PCDHB8,0.038563434,0.012969346,0.0002413,-0.000434158,0.01131514,-0.028792087,-0.070725868
PCDHGA3,0.03346254,0.002430252,0.030585582,0.050846937,-0.016544357,0.002512154,0.019218128
PCDHGB6,0.036932554,0.000747771,0.023841118,0.00128718,-0.002858007,-0.036268284,-0.032341294
PCOLCE,0.040011762,0.028495223,-0.003902222,-0.014658944,-0.049162966,0.000868363,-0.024324893
PCSK5,0.034738342,-0.037072477,-0.017812128,-0.055275248,0.01554707,-0.020800727,-0.039428587
PDGFC,0.041741548,-0.00812796,0.032257321,-0.002605373,0.00427757,-0.005250281,0.011068715
PDGFRA,0.039407786,-0.023579661,0.041927943,-0.016335244,-0.019407244,0.025045579,0.011832408
PDGFRB,0.040695535,0.019655909,0.039305602,0.005258783,0.009008964,-0.005370141,-0.002477143
PDGFRL,0.039544296,0.011066651,0.031220813,0.034248231,-0.018760002,-0.008501827,-0.04799873
PDIA5,0.040526729,-0.029563727,0.02549886,-0.014270991,0.009030573,-0.016957552,0.010810242
PDLIM4,0.02287155,0.065846449,-0.038467076,-0.035409762,-0.039239596,-0.00262363,0.005405493
PDPN,0.037127619,-0.034168723,-0.03897445,-0.036901166,0.009632224,0.004757424,0.006385443
PEA15,0.038319477,-0.020764047,0.04035225,-0.038969313,-0.007688621,0.018060736,0.003251758
PEG3,0.032621273,0.033031247,0.019531075,0.061175905,0.012966293,-0.007658368,-0.003222752
PFKFB1,-0.012597868,0.085172578,0.007028636,-0.025487604,0.005139327,0.029625502,0.005194452
PHLDB2,0.04103924,-0.021785301,0.004813369,-0.024869078,0.031195104,-0.019772391,-0.009392347
PHYHIPL,0.029352778,-0.029984627,-0.020979741,-0.02025252,0.004540315,-0.051577835,-0.08218537
PIEZO2,0.033904822,0.010426161,0.007858313,0.079074166,0.027628541,0.000255105,4.93585E-05
PITX1,0.03965668,0.019967597,0.011186265,0.010895972,-0.018191378,-0.038137817,-0.074578833
PKD2,0.036478264,-0.008367525,0.033579803,0.064816289,0.022120897,-0.001668358,-0.009891457
PLA2G12A,0.000132396,0.032639842,0.093757298,-0.012547607,0.074464641,0.043903871,-0.042301034
PLA2G2E,0.035127715,-0.01197914,0.017698883,-0.016781221,-0.037082893,0.026471375,0.022348001
PLA2R1,0.037784869,-0.01288042,0.045429681,-0.005354799,0.035265334,0.036884152,-0.000254152
PLAT,0.04221317,-0.011730181,-0.005111595,-0.016600169,0.031512142,0.010922147,-0.026947434
PLAU,0.038040515,-0.020994736,0.005770437,-0.057782658,0.018895069,0.005239295,0.010866955
PLCE1,0.042578956,0.002370898,0.000424426,-0.004625911,-0.000844477,0.049271593,0.039855249
PLD2,0.038407997,0.022760747,0.024406466,-0.037484601,-0.030741802,-0.016307467,0.020081659
PLEKHG4,0.02276596,0.064037297,-0.030589426,-0.00305518,0.036997598,-0.031180942,-0.001049131
PLK2,0.038638961,-0.025855836,0.034933093,-0.017664259,-0.005229079,0.058005064,-0.006104118
PLOD1,0.04365875,0.006147706,0.014078411,-0.004889486,0.013205548,-0.023224783,-0.01682513
PLOD2,0.040049278,0.001706707,0.020064321,0.047941336,0.002619541,-0.003212629,-0.038563013
PLS1,-0.001258137,0.049918035,0.08778658,-0.019764426,0.046057471,-0.067833149,0.042656578
PLS3,0.037986788,-0.025370404,0.051736823,0.000967423,-0.013425717,0.028556703,-0.030432348
PLTP,0.033742169,0.020347974,-0.003071917,-0.070304101,-0.05150791,-0.018324464,0.011241372
PLXDC2,0.035713471,-0.029229747,0.059622947,0.024644528,-0.00277296,0.013631301,-0.007123767
PMEPA1,0.042859942,-0.00285658,0.001045966,0.010166483,0.033887494,-0.012426123,-0.028362259
PODN,0.033982905,-0.046755578,0.029381112,-0.033186191,-0.017445769,0.023365612,0.014276905
POFUT2,0.040404278,0.034355168,0.014083966,-0.003401489,0.007842178,-0.027550961,-0.002632328
PON1,0.001508748,0.004256356,0.110752908,-0.019296624,-0.048433873,0.024668457,-0.031547283
POSTN,0.036272591,-0.020149975,-0.021941659,0.053501134,0.057918676,-0.020701812,0.022492448
PPARGC1A,-0.014944797,0.074183542,-0.013801852,-0.016093707,0.055096373,0.038001923,-0.007986716
PPFIBP1,0.040518911,-0.025148125,0.033869722,0.000948132,0.025691669,0.014113924,0.0040115
PPIC,0.038305657,0.002161536,0.048312818,0.039881392,-0.022242381,0.01522652,-0.019460555
PRAF2,0.042514049,-0.014694393,-0.001844327,-0.015791719,-0.004376673,-0.030678201,-0.023512103
PRAMEF12,0.022445461,-0.025543329,-0.024313796,0.050165898,0.026849236,-0.042836817,0.020009639
PRDM5,0.039342293,-0.018416119,0.043981908,0.000246404,-0.008378773,0.002846318,0.002467496
PRICKLE2,0.0362633,0.040085911,0.019872057,0.003431511,-0.021851882,0.027125364,0.045705768
PROS1,0.040258335,-0.019865977,0.039606059,-0.022513705,0.009714238,0.011592314,0.016806863
PROSER2,0.000880915,0.061844358,0.064189083,-0.030393876,-0.017603396,-0.045598804,0.012548121
PROX1,0.018812348,0.032334404,-0.03465313,0.001883374,-0.067612171,0.104568645,0.099171615
PRPH,0.034175039,0.017985605,-0.00017308,0.052434681,0.022684852,0.037700022,0.022927
PRRG1,0.031131535,0.045960393,-0.018136127,-0.040628989,-0.022485009,0.025395744,0.009038427
PRRG3,0.037941295,-0.004177176,0.039314424,0.007156394,-0.016448312,0.04660375,-0.02201532
PRRT2,0.037098345,0.010626822,0.038930321,0.003155887,-0.022893091,-0.023860799,0.027162525
PRRX1,0.043625359,0.007468262,0.000636482,0.0086144,0.004026992,0.029901131,0.003767483
PRRX2,0.037004634,0.026451157,-0.04870208,0.005424895,-0.005694959,-0.027281497,-0.057605448
PRSS23,0.034628477,0.037384932,-0.030746573,-0.003922697,0.0263574,0.069868956,0.012107635
PRUNE2,0.034779245,-0.023491764,-0.039784284,-0.058449677,0.010426975,0.016485214,0.018972303
PTGFRN,0.044039112,-0.00382451,-0.010845011,0.012641246,0.002008228,0.001790709,-0.002415473
PTGS2,0.039025826,-0.011478485,-0.029916408,0.023583451,0.061448118,-0.005251906,-0.01483976
PTN,0.028730542,-0.010901985,0.022939111,0.086782498,0.057484753,-0.020667449,0.008032936
PTPRR,-0.001408446,0.026945532,0.094099999,-0.00643817,0.044175854,0.014270276,-0.008890629
PTRH1,0.035998431,0.006815278,-0.001268041,-0.047369406,-0.006463188,-0.053832463,-0.029619528
PTX3,0.030466561,-0.035361026,-0.035388931,-0.061783355,0.039645236,-0.025750907,-0.050408236
PXDN,0.040049522,0.019007359,-0.038157069,0.02843577,0.016910935,0.009497993,0.016086706
RAB11FIP5,0.025442426,0.054569465,-0.031249528,-0.060591326,-0.023090836,-0.019783845,0.022557965
RAB13,0.035489212,-0.023766338,0.049522888,-0.01305375,-0.010974463,0.024184821,0.054189489
RAB23,0.042085494,-0.019955384,0.015350162,-0.015973183,0.022410027,-0.013441227,-0.020261156
RAB34,0.035919919,0.041037362,-0.006066799,-0.033531898,-0.049066268,-0.009145681,-0.008023988
RAB7B,0.035795544,-0.042485339,0.006071729,-0.040928002,-0.003486565,0.00456978,0.030927491
RBFOX2,0.021679955,0.07417665,-0.023792189,-0.023798111,-0.031996798,0.000756858,0.00900948
RBM38,-0.006361463,0.069781822,0.048149541,-0.02374879,0.032139046,-0.073730696,0.039795435
RBMS3,0.033495092,0.056303498,-0.00993731,0.003231915,-0.018993608,0.010734637,-0.00405678
RBP1,0.03995506,0.002100029,0.016585332,0.005695351,-0.030023556,0.011956892,0.035714226
RCN1,0.039578975,-0.029764255,0.034139985,-0.006063537,0.000702569,0.010374612,-0.025641211
RCN3,0.038962985,-0.017709769,0.04596624,-0.01211649,-0.007910082,-0.03352743,-0.025468034
REC8,0.002329291,0.037211265,0.089433806,-0.013875444,0.022080177,-0.039606449,-0.014758619
REG3G,0.026561642,-0.043462609,-0.040105689,-0.066371109,0.04066329,0.010464823,-0.01339344
RET,0.035089401,0.034469162,-0.014284344,-0.042488915,-0.019675731,0.025840769,-0.041127677
RETN,0.003572973,-0.021489544,0.09560809,-0.020921954,-0.061103756,0.062255367,-0.068031377
RGMA,0.028488666,0.042401852,-0.013556911,-0.047741836,-0.044918752,0.012620876,-0.006718967
RGS16,0.039684445,-0.008430695,-0.031186048,-0.00430554,0.037419164,0.003436731,0.009355174
RHCG,0.001040884,0.014661782,0.094467532,-0.031021691,0.050130909,-0.028191309,0.057289302
RHOC,0.042160317,-0.018434938,0.019286799,-0.020787342,0.001413343,0.005457479,-0.018955722
RHOJ,0.036423761,0.046058926,0.00965345,0.017078393,0.018290136,-0.002213068,-0.021594752
RIN1,0.041221224,-0.007541522,0.022759594,-0.011786698,0.041415842,-0.01823421,-0.00134585
RIN2,0.038497589,-0.023448071,0.046895147,0.027110516,0.016592459,0.00727314,0.023042601
RNASE10,0.030237236,0.002845559,0.007210005,-0.010067191,0.008054619,0.036985396,0.083484113
RNASE4,0.042796479,-0.002306128,0.006851232,-0.022880336,-0.022726927,0.031659603,0.004952552
RNF112,0.030562446,-0.001581975,0.011415507,-0.022554583,-0.075228569,0.039253841,0.003885392
RNF180,0.037055746,-0.024269937,0.031124719,0.008106154,0.026354642,-0.048756134,-0.008570659
RNF212,-0.010099031,0.005389811,0.064421571,-0.047667352,0.02258609,-0.092686322,0.026116901
ROBO1,0.040506908,0.012761986,0.018402576,0.041252341,0.004255108,-0.023474724,0.007218492
ROR1,0.031410373,0.008306312,0.018649197,0.00597038,-0.00789666,0.034565594,0.014898928
ROR2,0.034267272,0.026914691,-0.024998129,-0.003770586,-0.017918908,-0.102336557,-0.058202695
RRAD,0.03266062,-0.033941104,-0.02496891,-0.063612357,0.032189536,-0.027541721,-0.042468098
RSPO2,0.036086018,0.008338586,0.02461494,0.050678774,-0.031191717,-0.000877902,0.051273829
RUNX1,0.040048885,0.026886504,0.025561416,-0.014393152,0.018198381,-0.043089475,0.013753079
RUNX1T1,0.03748903,0.033751024,0.028572554,0.029770434,0.010876873,-0.011626309,0.025009496
S100A10,0.036841347,-0.030487161,0.055551184,0.004131551,0.018837412,0.013175216,0.011327729
S100A4,0.035510897,-0.042334082,0.011638764,-0.044824846,-0.007761958,0.006463011,0.013581442
S100A9,0.004153245,0.051860894,0.09552761,-0.014538765,0.020497567,-0.031541927,0.038020368
SBSN,0.033716073,0.032575595,0.01675885,0.039223721,-0.055489457,0.041060429,-0.028932575
SCG3,-0.003742454,-0.012688253,0.110990765,-0.010849428,-0.036956735,0.066446682,-0.051362957
SCN3A,0.024127387,0.048203496,-0.016321478,-0.00805122,-0.045314354,0.032308137,0.052741775
SCN5A,0.023560889,0.038443552,-0.039167472,-0.042646096,-0.063717696,0.050917342,0.004137327
SCN7A,0.035247441,-0.030590808,-0.028973573,-0.053417407,0.004985286,0.025701739,0.024539118
SCN9A,0.027157273,0.004797608,-0.028524596,0.019736435,0.039361424,0.020683137,-0.039076401
SCX,0.039933471,0.011789635,-0.039513428,0.021704682,0.008265358,-0.008086989,-0.016062517
SDC1,0.034538479,0.051789125,-0.003994878,-0.018780491,-0.014058505,-0.045680584,0.024572157
SDC2,0.038893168,-0.005081644,0.054874949,0.009055942,-0.033930946,0.024534004,0.000145212
SDK1,0.03088117,0.037235873,-0.035275063,0.037832808,-0.03587667,0.001250344,0.054520722
SEC16B,0.039630308,0.032036048,0.012704932,-0.005235977,-0.0334212,0.006587217,-0.005619857
SEC24D,0.041673848,-0.002248557,0.028899433,-0.018706212,-0.019587324,-0.027753953,-0.035293616
SEMA3C,0.031574199,0.037459543,0.024761681,0.058915526,-0.000659652,0.062282752,0.009634161
SERPINB8,0.038891469,-0.021662696,0.031902276,-0.033557397,-0.015631687,0.017218218,0.023146135
SERPINC1,-9.17574E-05,0.017788152,0.054072582,-0.052953878,0.056068755,-0.070495879,-0.028454489
SERPINE1,0.034113984,-0.030673006,-0.045858377,-0.053221647,0.021135468,-0.012039917,-0.02298196
SERPINH1,0.042574186,0.003542742,0.004483129,-0.021538436,-0.013385533,-0.025071673,-0.034124563
SERTAD4,0.039229805,-0.019066426,0.014345847,0.049239878,0.024725414,-0.002530614,-0.029605654
SETBP1,0.035221187,0.047708738,0.011217756,0.001096409,-4.78683E-05,0.034994327,0.048393546
SFRP1,0.038090828,-0.031509445,-0.036265078,-0.026947432,0.030672669,-0.017227621,-0.006129141
SFRP2,0.038428476,-0.029849658,-0.037269236,-0.031521317,-0.014131702,0.003073331,0.007592784
SFXN3,0.028793562,0.066672606,-0.006136884,-0.011766255,-0.027206054,-0.022506417,0.032120501
SGCB,0.036601621,0.005330668,0.00963209,-0.031655553,0.063598777,0.093855766,-0.020952288
SH3D19,0.040869542,-0.002555598,0.040340638,0.028898617,-0.001785101,0.004101496,0.00198979
SH3RF2,0.020044022,-0.007893575,-0.034760333,-0.047172588,-0.043228458,0.088148271,0.064037237
SH3RF3,0.040169044,-0.017691196,0.02124863,0.000958516,-0.017094917,-0.025371125,0.001850937
SIGLEC10,-0.004069266,0.075722382,0.052292344,-0.021108135,0.020764182,-0.064415245,0.055408422
SIGMAR1,0.041958042,-0.008113141,0.02009343,-0.026110116,0.010238053,-0.020623315,-0.006441786
SLAIN1,0.002791691,0.024162606,0.105036316,-0.006333956,0.04604672,-0.060138627,0.004716357
SLC12A3,-0.005656179,0.043315334,0.068011162,0.010891663,0.083550316,-0.048507329,0.00690252
SLC13A3,0.034898405,-0.031672756,0.019438425,-0.04318953,-0.02623402,0.012904762,0.002847143
SLC14A1,0.00142022,0.040807032,0.093402064,-0.003920552,0.059374069,-0.084334265,0.055382041
SLC16A2,0.041938812,-0.011972364,-0.035790966,-0.00513655,0.00856539,-0.014602434,0.008722019
SLC1A4,0.04092009,0.018970473,-0.036671477,0.005091827,-0.017292552,0.005178094,-0.004430698
SLC22A23,-0.006015702,0.073706391,0.045337501,-0.024360131,0.035381542,-0.072655791,0.072200425
SLC25A53,-0.002083584,0.044567975,0.077201305,-0.002457366,0.065424322,-0.076103376,0.018483406
SLC27A3,0.041444032,0.006635402,-0.02999006,0.009769937,0.016759116,-0.019678283,-0.018296713
SLC2A10,0.040773095,0.023004207,0.010192077,0.001801884,-0.033592013,-0.021580246,-0.043274384
SLC2A13,0.038235004,-0.018406612,0.038547725,0.017935198,-0.038212101,0.018471163,-0.036851646
SLC2A4,-0.013714948,0.07941189,0.012352821,-0.034460063,0.034917077,0.046292219,-0.010466881
SLC2A5,0.00026816,0.006357049,0.085245014,-0.02698912,-0.091953536,-0.019109097,-0.066275363
SLC30A2,-0.014359805,0.075621787,0.016614965,-0.046022465,-0.020880761,0.02354456,-0.011388755
SLC39A1,0.040388772,0.01882675,0.030916108,-0.033939669,0.001740886,-0.016183119,0.015609371
SLC39A13,0.039484712,0.031589199,0.018540705,-0.019731623,-0.013391716,-0.040196883,-0.001624074
SLC39A14,0.040232151,-0.004241846,-0.021056549,-0.040223717,0.018433806,-0.022692967,-0.045908029
SLC39A6,0.041686597,-0.002073524,0.036567229,-0.010267373,0.020883842,-0.020952086,-0.006135002
SLC41A2,0.043754116,-0.011017664,0.004594228,0.002705645,0.011178125,0.001627619,-0.002717861
SLC47A1,-0.01472766,0.078897308,0.000692311,-0.040243812,0.01429017,0.010436972,-0.013783032
SLC4A3,0.04041845,0.018139055,0.009420644,-0.038670644,-0.005676556,-0.0098048,-0.038015989
SLC6A2,0.040017901,0.019122428,0.003165185,0.01291465,0.00605126,-0.005438262,-0.025262299
SLC6A7,0.029173389,0.047921377,-0.004689728,0.014882602,-0.045059335,-0.024241469,-0.017603893
SLC7A2,0.035246577,0.033993542,-0.00583896,0.047213244,0.037561456,0.041861073,0.030347635
SLC7A3,0.02015967,0.001202223,-0.028680852,-0.01834519,0.025497444,-0.046269233,-0.000855585
SLC8A1,0.026718412,0.060166881,-0.015432325,-0.018396573,0.052339208,0.00540349,0.045325108
SLC9A2,-0.012907792,0.081375052,-0.003101777,-0.030140526,0.02741643,0.023480195,-0.013904212
SLITRK4,0.023962833,-0.023644714,-0.003366078,0.009384056,0.045337246,0.025358898,0.142539129
SMOC1,0.041251727,0.014104743,-0.014134924,0.034555585,0.000215764,-0.01584634,-0.017858231
SMPDL3B,0.036641146,-0.009577067,0.017189884,-0.056767143,-0.031809824,0.01263911,0.028567208
SMTNL1,-0.013503847,0.022647445,0.057455645,-0.022043518,0.115809707,0.06843664,-0.088598322
SNAI1,0.036831643,0.019453552,-0.041321281,-0.048238855,-0.010448165,-0.018042859,-0.029556535
SNED1,0.025400893,0.06673403,-0.025597438,-0.015096967,-0.043308614,-0.006805326,0.048123274
SNX7,0.040132187,-0.032196085,0.029134251,0.004962183,-0.004726296,-0.003620532,-0.021321616
SOCS3,0.039137832,-0.000858098,-0.023779867,-0.042531999,0.026275204,-0.005901739,0.001681664
SOD3,0.036723285,-0.041749389,-0.016022605,-0.041937689,0.012793036,-0.006379326,-0.015667093
SOGA1,0.035450231,0.050285664,0.015962906,-0.002273074,-0.015076719,-0.032645174,0.020983415
SORCS2,0.042401155,-0.012533277,-0.01795086,-0.009025489,0.019290188,-0.043935248,0.002894829
SPATS2,0.040445068,-0.001441772,0.026815803,-0.007800892,0.005302684,-0.014295708,-0.025186652
SPATS2L,0.036501615,0.003940312,0.046129343,0.028920075,-0.047353347,0.003981846,-0.034239278
SPINK5,0.024270392,0.028901474,-0.020577727,0.091173697,0.006206143,-0.047425007,0.000702533
SPINT1,0.030060055,-0.037551055,-0.040092407,-0.063221327,0.015187506,-0.007094971,-0.009524916
SPRED3,0.039520044,0.022519453,0.005138904,-0.011712502,-0.017689426,0.002620352,0.007343585
SPRN,0.035877401,0.01183714,0.000352275,0.040971437,-0.02714992,-0.014127169,-0.040610101
SPSB1,0.039913484,0.02926155,-0.005270386,-0.012643377,-0.011233657,-0.005411136,-0.028201736
SRPX2,0.040454791,-0.032618415,0.010431086,0.022654734,0.019479121,-0.015110589,0.004909689
SSC5D,0.033605253,0.000346246,0.007736769,0.084510498,0.020655665,-0.01144077,-0.00138631
STAB1,0.034460478,0.001573158,-0.030157597,-0.071095319,-0.026053355,-0.019774606,0.040099552
STAC2,0.041417275,0.003927662,0.012176517,-0.004128659,0.013206278,-0.023218772,0.046771399
STARD13,0.040231453,0.011529477,0.028765519,-0.017224012,-0.017890457,0.015021482,0.018321893
STC1,0.034730296,0.026175239,0.007858013,0.033632156,0.004927675,0.038838172,-0.029551115
STEAP1,0.036376984,-0.036550382,-0.024241154,-0.040951186,-0.004201733,-0.017903731,-0.014868258
STEAP2,0.041798932,0.011810199,-0.002890201,-0.005929749,-0.022525467,0.021596378,-0.027845449
STK36,0.028637364,0.040472271,-0.01488685,0.013249397,-0.017559264,-0.025972661,-0.012705291
STMN2,0.031368583,0.021532125,-0.000228474,-0.02364534,0.070405858,0.044562053,0.019571032
STRADB,-0.007548942,0.083646842,0.0212247,-0.033955266,0.020645755,-0.040495173,0.043921039
SULF1,0.042467461,-0.000368206,-0.01618772,0.024506139,0.032765148,0.004966706,0.008839452
SULF2,0.041102027,0.000147611,-0.00112002,0.047598855,0.011769988,-0.013945413,0.016919257
SVEP1,0.040397439,0.020176984,-0.025376418,-0.019847243,-0.026369061,0.024178504,0.010742241
SYT17,0.02631711,0.015687232,-0.009828254,0.056733619,0.029787542,-0.03932054,0.019879439
TACR1,0.033015947,0.038509945,-0.016263277,0.042734166,-0.014415717,0.007305993,0.009046862
TBX18,0.042391906,0.003162501,-0.009885955,0.022808369,-0.004124032,0.009526104,-0.019596173
TBX4,0.038949706,0.000937807,0.01908002,-0.013361469,0.011440785,0.018999359,-0.023659106
TC2N,0.016512974,0.038195544,-0.041187861,0.04087992,-0.055296421,0.07424554,0.085158395
TCAF1,0.040936898,-0.017989897,0.033568098,0.007724685,0.009438669,-0.009105468,-0.027912332
TCAF2,0.040876966,-0.021320337,0.024318951,-0.014721122,-0.000593816,0.013669375,0.014009696
TCEAL8,0.03397991,-0.043390089,0.050302802,0.010958333,0.02334935,0.016368159,-0.00757523
TCFL5,0.033640055,0.001169668,-0.000545119,0.058758743,0.035018785,-0.018856936,-0.049683958
TCTN2,0.038158022,0.009291423,0.034393024,0.003166717,-0.046181073,0.020424219,0.002133378
TDRP,0.000679312,0.027654509,0.08997328,-0.039611288,0.009813021,0.110142336,-0.041553166
TECTA,-0.019368241,0.035293337,0.017936203,-0.002529579,0.084650325,0.027416919,-0.025901034
TENM3,0.037276277,0.036670134,0.008776963,0.01217887,-0.022347609,0.003686969,0.014465001
TESC,0.00195744,0.046291362,0.078843659,-0.045831664,0.024775699,-0.072408383,0.052383951
TGFB3,0.041285016,0.030718382,-0.000371839,-0.011305406,-0.001012152,-0.002839269,-0.009465045
TGFBI,0.04097021,-0.026303197,0.003823434,-0.032094003,0.018943834,-0.015262133,0.010279853
THBS2,0.035819916,-0.020242414,-0.004839774,0.064778262,0.038367096,-0.029942161,-0.004579071
THBS3,0.039754402,0.006774761,2.02533E-05,0.058401053,-0.00395765,-0.009121972,0.004168099
THBS4,0.03767309,-0.045538395,0.017204444,-0.012567203,-0.004108847,0.021373343,-0.005221679
THY1,0.042057776,0.017950451,-0.026292887,-0.007514235,-0.01914599,0.006856695,-0.012248579
TIMD4,0.011552974,-0.030061487,0.106142633,-0.012540003,-0.034089042,0.034916918,-0.034454235
TIMP1,0.037110728,-0.027990551,-0.039627196,-0.043247867,0.019241663,-0.014001841,-0.013392529
TLL1,0.03791173,-0.03082292,0.018711879,0.016357967,0.014160232,0.059517337,0.010376382
TLN2,0.012386996,0.069807077,-0.045346635,-0.049858151,-0.002326571,0.030196341,0.058643869
TM4SF1,0.039691059,-0.035143185,0.00126598,0.004703549,0.046447809,-0.008718624,-0.008928494
TMBIM1,0.040642806,0.018358495,0.032462221,-0.016448536,0.000687214,0.011324815,0.012435597
TMEFF2,0.033051851,-0.035173615,0.020783314,-0.043533907,0.002872035,0.052754849,-0.04632194
TMEM140,-0.010548926,0.04552875,0.042141966,-0.020197786,0.029057526,-0.089083324,-0.001798936
TMEM182,-0.013071961,0.04323127,0.046257864,0.002159033,0.072186333,0.152963917,-0.052341146
TMEM252,0.033812283,-0.01279336,-0.042096026,-0.012852109,0.034803449,0.006986707,-0.006786185
TMEM30B,0.032427678,0.041576919,-0.023466471,-0.00386487,-0.044949125,-0.036720149,-0.010034687
TMEM45A,0.042237113,-0.005761717,-0.000975995,0.025513031,-0.014387204,0.002255326,-0.055269574
TMOD1,-0.007269909,0.070142311,0.059620952,-0.008174111,0.055026577,0.051989461,0.012746387
TNFAIP6,0.038822321,-0.007876701,-0.052117555,-0.005393404,0.027004941,-0.024113647,-0.020166421
TNFAIP8L3,0.034334041,-0.034903904,0.005875251,0.034204558,-0.000354697,-0.027217072,-0.005579647
TNFRSF12A,0.028662585,0.001984824,-0.043767236,-0.015134235,0.104065512,-0.00595267,-0.063548923
TNFSF15,0.026856096,0.048343864,-0.039184107,0.045477453,-0.010620494,0.003527528,0.026537278
TNIP3,0.030589,-0.04526186,-0.005291272,-0.039669078,-0.015216142,0.003310472,0.034056991
TNKS1BP1,0.037980698,0.034909233,0.016184712,-0.037106053,-0.02972882,-0.00274291,0.007257925
TNMD,0.031160508,-0.010322443,0.027394538,0.085393723,-0.006827223,0.012362445,-0.033869005
TNN,0.029986316,-0.002407813,-0.00947021,0.087916368,0.057855051,-0.029931537,0.003195691
TNNT2,0.029622805,-0.037787696,-0.034701233,0.022850532,0.086127608,0.015395255,-0.008802688
TPBG,0.038826883,0.000151546,0.015619643,-0.046285277,-0.018316889,0.003209003,-0.040832495
TPH2,0.024406794,-0.031459608,-0.056690971,-0.01756681,-0.002507527,0.014313966,0.013093231
TRABD2B,0.041118756,0.0133603,0.013007579,-0.025729026,-0.042794189,0.015839821,-0.020227767
TRAF1,0.035275292,0.015873391,0.014574934,-0.026241038,0.029849548,-0.046479388,-0.003334698
TREM2,0.034590679,-0.03985456,-0.018485286,-0.050759457,0.012203536,-0.027948448,0.023307888
TREML2,0.00142764,0.05937204,0.079619644,-0.00424802,0.04590344,-0.046585288,0.037485397
TRIM46,0.025437736,0.064617419,-0.031590571,-0.006154242,-0.046211973,-0.021626426,0.002595444
TRIM47,0.027865197,0.057228388,-0.028241094,-0.027383136,-0.064597352,-0.017757044,-0.03990616
TRNP1,0.016855613,0.069430891,-0.025298405,0.012457053,-1.9786E-05,0.039325454,0.036367467
TRO,0.039023194,-0.010059902,-0.013305905,0.015854203,0.02554345,-0.024422514,-0.003873287
TRPM6,0.03850477,0.001826883,-0.034087007,0.021646383,0.009559113,0.01186959,0.034470548
TRPS1,0.039727498,0.017943822,0.039146719,0.022835247,-0.027665606,-0.004998581,-0.002949461
TSHZ3,0.042137493,0.000905774,0.024207323,0.005138824,-0.00738562,0.012470067,-0.00714627
TSKU,0.029594852,0.056076658,-0.01731687,-0.038254512,-0.034932864,-0.032504315,-0.010027233
TSPAN11,0.042884932,0.008092354,-0.009068593,0.01699893,-0.002160359,-0.016279081,0.000218239
TSPAN6,0.039184004,-0.014542804,0.025007613,0.041443944,0.017191277,-0.027106558,-0.020868822
TSPYL5,0.029351273,0.038109424,0.000457414,0.012431164,-0.038681274,0.003241712,-0.054587143
TTC12,0.036679479,-0.029430494,0.027072096,-0.017279755,0.027970005,0.031742152,0.01008075
TUBB2A,0.038150448,0.027780014,-0.001403263,-0.045621973,-0.001680346,-0.029307222,0.033662086
TUBB2B,0.031328394,0.016083937,-0.046123017,-0.02768276,-0.003535008,-0.00946379,0.056572319
TUBB3,0.033306467,-0.006695161,-0.04476222,-0.046588214,-0.01739324,-0.028340543,-0.025598833
TUBB6,0.036598157,-0.009428819,-0.027705226,-0.067859695,0.002172536,0.006234038,0.014785649
TULP3,0.040404286,0.027351212,0.017775844,-0.015519718,0.007854755,-0.008008522,0.019734567
TVP23A,0.037222522,0.003921232,0.026086073,-0.032588231,0.04070027,-0.029478386,0.049107975
TWIST1,0.039549289,-0.001987878,0.034620651,-0.00667516,-0.026327646,0.018002098,-0.044795372
TWIST2,0.025141798,0.04648845,-0.006857027,-0.013663995,-0.071436058,0.007078001,-0.028610724
TXNDC5,0.034795537,0.044920301,-0.0104637,-0.043293012,-0.015813689,-0.036659078,0.018188014
TYRO3,0.037865603,0.012858173,-0.02782848,-0.027559905,-0.016399112,-0.021024804,-0.02732134
UBE2T,-0.004373719,0.0648456,0.058101365,-0.026310818,0.013329458,-0.074176095,0.066310877
UBTD2,0.04099311,-0.001210558,0.041184666,0.010357796,-0.003346163,-0.011394843,-0.035186544
ULK4,0.031806292,0.015279714,-0.019914576,-0.001669892,0.011707268,-0.030547482,0.111611727
UTS2R,0.031148784,0.033378299,-0.047198689,-0.034377193,-0.047837659,0.018256113,-0.034313088
VASH2,0.037686485,0.030543645,-0.017915641,0.002835412,-0.009326306,0.012780879,0.014600691
VCAN,0.04138734,-0.018003048,-0.021445516,0.018110953,0.040019806,0.005803748,0.005121074
VEGFA,-0.005123749,0.079601002,0.030514187,-0.020490456,0.064723636,0.026873639,-0.047408204
VGLL2,-0.018024879,0.06576082,-0.02790766,-0.042416695,0.063693277,0.004174217,-0.038243588
VGLL3,0.039139235,-0.012025079,-0.048510686,-0.02250814,0.022465532,0.007312259,0.002069369
VIM,0.038953032,-0.037646702,0.013518706,-0.026558318,0.015387374,-0.005156221,0.026094355
VSIG8,0.020923867,0.016331142,-0.024420372,-0.013566878,-0.010227391,-0.009440932,0.015302672
VWA1,0.040697074,0.02677586,0.009576937,0.005798424,-0.003910031,0.00843838,-0.017682808
WASF1,0.036916977,-0.017154595,0.046164468,0.020831696,-0.020832773,-0.021655357,-0.014963551
WDR35,0.035883777,-0.011983039,0.051902621,0.01180384,-0.000327371,0.028245177,0.047206277
WNT16,0.018367096,0.072438492,-0.009881489,0.030789052,0.005432741,-0.013073768,0.002895521
WNT2,0.032932672,-0.018274613,-0.003304742,-0.038433761,0.016703849,-0.009506955,0.01299487
WNT9B,0.022929582,0.000376921,-0.024437193,0.031414949,-0.031050687,0.059181768,-0.010638733
WWTR1,0.039906416,0.026821601,0.028253257,0.015643785,-0.006248213,0.02048225,-0.041427848
XKRX,-0.000393163,0.042773146,0.077488713,-0.018850459,0.019893426,-0.066433246,0.006921399
XRRA1,0.016075079,0.044944006,-0.009040318,0.034629009,-0.041023745,0.029086175,0.10345176
YIPF7,-0.017433054,0.076088546,-0.001024995,-0.032562136,0.024923786,0.046831526,-0.009363911
ZBTB16,-0.013834424,0.076360982,-0.006483001,-0.011449664,0.064879978,0.017340405,0.015049077
ZEB1,0.038409217,0.022166546,0.036574621,0.021831637,0.039266734,0.029424506,0.04464178
ZFP57,0.03560859,0.018967055,0.012490529,0.050581375,0.008967687,0.030944752,0.036423799
ZMYND15,0.032744915,-0.003338812,-0.033311438,-0.057196694,0.012672396,-0.013606358,0.046056597
ZNF25,0.041903966,-0.005614887,0.026165952,0.014074253,-0.007653534,0.010416565,-0.036379294
ZNF35,0.030555473,0.024893669,0.00403499,-0.0151125,-0.076246126,0.056032227,0.003694667
ZNF354C,0.041608749,0.011668894,0.018634598,0.032215156,-0.016155942,0.012439921,-0.013907549
ZNF449,0.038925573,0.002150871,0.00534927,0.001818862,0.042317639,0.050165581,0.012045183
ZNF503,0.012486898,0.068162507,-0.056611325,-0.043412427,-0.038958142,-0.032450633,-0.00341945
ZNF521,0.041752352,0.02042939,0.018241286,0.023937691,-0.012871625,0.01572965,0.003319922